"exp_name","cue_pred","subj","cond","block","trial","cue_delay","targ_right","cue_valid","targ_soa","shutter_dur","trial_start","trial_end","cue_rt","corr_resp","rt","block_date","block_time","block_order","Cond","CondFull","CuePred","CuePredFull","CueValid","cue_valid_c","cue_pred_c","RT"
"eb3",1,0,"a",1,1,0.385,0,0,0.6,0.0996886416141676,42.6587269306183,44.1587009429932,0.360033988952637,1,0.330080986022949,"2020-03-06",1432,1,"Artificial","Artificial Blink","Predictive","Predictive Cue","Invalid",-1,1,330.080986022949
"eb3",1,0,"a",1,2,0.457,1,1,0.6,0.105664486131519,44.9987030029297,46.4186849594116,0.300038814544678,1,0.250030994415283,"2020-03-06",1432,1,"Artificial","Artificial Blink","Predictive","Predictive Cue","Valid",1,1,250.030994415283
"eb3",1,0,"a",1,3,0.487,1,1,0.6,0.0997513667574959,47.2587010860443,48.7086579799652,0.269948959350586,1,0.269995212554932,"2020-03-06",1432,1,"Artificial","Artificial Blink","Predictive","Predictive Cue","Valid",1,1,269.995212554932
"eb3",1,0,"a",1,4,0.336,0,1,0.6,0.0788173117625138,49.5487360954285,50.8186790943146,0.270007848739624,1,0.230005025863647,"2020-03-06",1432,1,"Artificial","Artificial Blink","Predictive","Predictive Cue","Valid",1,1,230.005025863647
"eb3",1,0,"a",1,5,0.327,1,1,0.6,0.102686999363366,51.6586549282074,52.9685809612274,0.319999217987061,1,0.279967069625854,"2020-03-06",1432,1,"Artificial","Artificial Blink","Predictive","Predictive Cue","Valid",1,1,279.967069625854
"eb3",1,0,"a",1,6,0.442,0,1,0.6,0.0891464134313138,53.8086330890656,55.2386269569397,0.300014972686768,1,0.269994020462036,"2020-03-06",1432,1,"Artificial","Artificial Blink","Predictive","Predictive Cue","Valid",1,1,269.994020462036
"eb3",1,0,"a",1,7,0.384,0,1,0.6,0.0556344150950822,56.0786161422729,57.4585890769958,0.280025005340576,1,0.279958009719849,"2020-03-06",1432,1,"Artificial","Artificial Blink","Predictive","Predictive Cue","Valid",1,1,279.958009719849
"eb3",1,0,"a",1,8,0.363,1,0,0.6,0.0697758478395745,58.2986099720001,59.6785299777985,0.269976139068604,1,0.319670915603638,"2020-03-06",1432,1,"Artificial","Artificial Blink","Predictive","Predictive Cue","Invalid",-1,1,319.670915603638
"eb3",1,0,"a",1,10,0.416,0,1,0.6,0.114761745411066,62.7186131477356,64.1285779476166,0.309998989105225,1,0.249930143356323,"2020-03-06",1432,1,"Artificial","Artificial Blink","Predictive","Predictive Cue","Valid",1,1,249.930143356323
"eb3",1,0,"a",1,11,0.312,1,0,0.6,0.0919451609549255,64.9686081409454,66.2385721206665,0.270004987716675,1,0.260003089904785,"2020-03-06",1432,1,"Artificial","Artificial Blink","Predictive","Predictive Cue","Invalid",-1,1,260.003089904785
"eb3",1,0,"a",1,12,0.412,0,0,0.6,0.0813597665158261,67.0785820484161,68.5185310840607,0.299938917160034,1,0.329966068267822,"2020-03-06",1432,1,"Artificial","Artificial Blink","Predictive","Predictive Cue","Invalid",-1,1,329.966068267822
"eb3",1,0,"a",1,13,0.457,1,1,0.6,0.0814415726874243,69.3585951328278,70.7485721111298,0.199996948242188,1,0.259990215301514,"2020-03-06",1432,1,"Artificial","Artificial Blink","Predictive","Predictive Cue","Valid",1,1,259.990215301514
"eb3",1,0,"a",1,14,0.469,0,1,0.6,0.114627811575243,71.5885729789734,73.0185370445251,0.279999017715454,1,0.259991884231567,"2020-03-06",1432,1,"Artificial","Artificial Blink","Predictive","Predictive Cue","Valid",1,1,259.991884231567
"eb3",1,0,"a",1,15,0.388,0,1,0.6,0.0718341545254578,73.8585679531097,75.3185670375824,0.34994912147522,1,0.349981069564819,"2020-03-06",1432,1,"Artificial","Artificial Blink","Predictive","Predictive Cue","Valid",1,1,349.981069564819
"eb3",1,0,"a",1,16,0.474,1,1,0.6,0.0993829608067354,76.1585850715637,77.5584559440613,0.270001888275146,1,0.220029830932617,"2020-03-06",1432,1,"Artificial","Artificial Blink","Predictive","Predictive Cue","Valid",1,1,220.029830932617
"eb3",1,0,"a",1,17,0.461,0,1,0.6,0.0978320186732474,78.3985121250153,79.7784831523895,0.150024890899658,1,0.209997892379761,"2020-03-06",1432,1,"Artificial","Artificial Blink","Predictive","Predictive Cue","Valid",1,1,209.997892379761
"eb3",1,0,"a",1,18,0.489,1,1,0.6,0.0758367296252836,80.5984950065613,82.0784571170807,0.290003776550293,1,0.280009031295776,"2020-03-06",1432,1,"Artificial","Artificial Blink","Predictive","Predictive Cue","Valid",1,1,280.009031295776
"eb3",1,0,"a",1,19,0.424,0,0,0.6,0.0870869609722575,82.9184849262238,84.3885140419006,0.339996814727783,1,0.330070972442627,"2020-03-06",1432,1,"Artificial","Artificial Blink","Predictive","Predictive Cue","Invalid",-1,1,330.070972442627
"eb3",1,0,"a",1,20,0.423,0,1,0.6,0.084589909499083,85.2285220623016,86.6184821128845,0.330028057098389,1,0.270037889480591,"2020-03-06",1432,1,"Artificial","Artificial Blink","Predictive","Predictive Cue","Valid",1,1,270.037889480591
"eb3",1,0,"a",1,21,0.306,1,1,0.6,0.114163908886599,87.4585330486298,88.7384829521179,0.389973163604736,1,0.259990930557251,"2020-03-06",1432,1,"Artificial","Artificial Blink","Predictive","Predictive Cue","Valid",1,1,259.990930557251
"eb3",1,0,"a",1,22,0.336,1,0,0.6,0.104320613468919,89.5785100460052,90.9484820365906,0.239996194839478,1,0.320034027099609,"2020-03-06",1432,1,"Artificial","Artificial Blink","Predictive","Predictive Cue","Invalid",-1,1,320.034027099609
"eb3",1,0,"a",1,23,0.417,1,1,0.6,0.0896606917212892,91.7885689735413,93.1784451007843,0.329992055892944,1,0.280010938644409,"2020-03-06",1432,1,"Artificial","Artificial Blink","Predictive","Predictive Cue","Valid",1,1,280.010938644409
"eb3",1,0,"a",1,24,0.467,0,1,0.6,0.0739914075856952,94.0184700489044,95.4484469890594,0.310003995895386,1,0.259968042373657,"2020-03-06",1432,1,"Artificial","Artificial Blink","Predictive","Predictive Cue","Valid",1,1,259.968042373657
"eb3",1,0,"a",1,25,0.31,0,1,0.6,0.0877252510900201,96.2884531021118,97.5984361171722,0.470000982284546,1,0.279995203018188,"2020-03-06",1432,1,"Artificial","Artificial Blink","Predictive","Predictive Cue","Valid",1,1,279.995203018188
"eb3",1,0,"a",1,26,0.391,0,0,0.6,0.0751838761993993,98.4384760856628,99.8784351348877,0.389995098114014,1,0.320028781890869,"2020-03-06",1432,1,"Artificial","Artificial Blink","Predictive","Predictive Cue","Invalid",-1,1,320.028781890869
"eb3",1,0,"a",1,27,0.324,1,1,0.6,0.0671102760776658,100.718466043472,102.008419036865,0.410029172897339,1,0.26016902923584,"2020-03-06",1432,1,"Artificial","Artificial Blink","Predictive","Predictive Cue","Valid",1,1,260.16902923584
"eb3",1,0,"a",1,28,0.47,1,0,0.6,0.107029202146362,102.84846496582,104.478419065475,0.429996013641357,1,0.420033931732178,"2020-03-06",1432,1,"Artificial","Artificial Blink","Predictive","Predictive Cue","Invalid",-1,1,420.033931732178
"eb3",1,0,"a",1,30,0.405,0,1,0.6,0.0864456307897246,107.508439064026,108.968398094177,0.380016803741455,1,0.300022125244141,"2020-03-06",1432,1,"Artificial","Artificial Blink","Predictive","Predictive Cue","Valid",1,1,300.022125244141
"eb3",1,0,"a",1,32,0.426,0,1,0.6,0.0767654822712737,112.008389949799,113.398355960846,0.399998188018799,1,0.269915103912354,"2020-03-06",1432,1,"Artificial","Artificial Blink","Predictive","Predictive Cue","Valid",1,1,269.915103912354
"eb3",1,0,"a",1,33,0.494,1,1,0.6,0.100377957793857,114.238441944122,115.74840092659,0.320027112960815,1,0.279958009719849,"2020-03-06",1432,1,"Artificial","Artificial Blink","Predictive","Predictive Cue","Valid",1,1,279.958009719849
"eb3",1,0,"a",1,34,0.449,0,1,0.6,0.0721567694802787,116.588475942612,117.958296060562,0.339995145797729,1,0.230000019073486,"2020-03-06",1432,1,"Artificial","Artificial Blink","Predictive","Predictive Cue","Valid",1,1,230.000019073486
"eb3",1,0,"a",1,36,0.5,0,0,0.6,0.0626795695596243,120.998425006866,122.558387994766,0.270003080368042,1,0.37999701499939,"2020-03-06",1432,1,"Artificial","Artificial Blink","Predictive","Predictive Cue","Invalid",-1,1,379.99701499939
"eb3",1,0,"a",1,37,0.318,1,1,0.6,0.0917656839277055,123.398414134979,124.678331136703,0.389834880828857,1,0.260066986083984,"2020-03-06",1432,1,"Artificial","Artificial Blink","Predictive","Predictive Cue","Valid",1,1,260.066986083984
"eb3",1,0,"a",1,38,0.44,0,1,0.6,0.0821455468104544,125.518347024918,126.908286094666,0.329978942871094,1,0.230021953582764,"2020-03-06",1432,1,"Artificial","Artificial Blink","Predictive","Predictive Cue","Valid",1,1,230.021953582764
"eb3",1,0,"a",1,39,0.386,1,0,0.6,0.0994500392099184,127.728332042694,129.12833404541,0.400003910064697,1,0.350054025650024,"2020-03-06",1432,1,"Artificial","Artificial Blink","Predictive","Predictive Cue","Invalid",-1,1,350.054025650024
"eb3",1,0,"a",1,40,0.3,1,1,0.6,0.0970915095689459,129.948359012604,131.208297014236,0.330003023147583,1,0.269946813583374,"2020-03-06",1432,1,"Artificial","Artificial Blink","Predictive","Predictive Cue","Valid",1,1,269.946813583374
"eb3",1,0,"a",1,41,0.389,0,1,0.6,0.118263199457595,132.048372983932,133.368281126022,0.300010919570923,1,0.229982852935791,"2020-03-06",1432,1,"Artificial","Artificial Blink","Predictive","Predictive Cue","Valid",1,1,229.982852935791
"eb3",1,0,"a",1,42,0.452,1,0,0.6,0.0840909543228603,134.208269119263,135.628298997879,0.32999587059021,1,0.270082950592041,"2020-03-06",1432,1,"Artificial","Artificial Blink","Predictive","Predictive Cue","Invalid",-1,1,270.082950592041
"eb3",1,0,"a",1,43,0.314,0,1,0.6,0.0835657321386169,136.468347072601,137.708338975906,0.309793949127197,1,0.239970207214355,"2020-03-06",1432,1,"Artificial","Artificial Blink","Predictive","Predictive Cue","Valid",1,1,239.970207214355
"eb3",1,0,"a",1,44,0.387,0,1,0.6,0.0728505721767036,138.548323154449,139.868258953094,0.369982957839966,1,0.210016965866089,"2020-03-06",1432,1,"Artificial","Artificial Blink","Predictive","Predictive Cue","Valid",1,1,210.016965866089
"eb3",1,0,"a",1,45,0.422,1,1,0.6,0.0971304175497004,140.708318948746,142.018289089203,0.319984912872314,1,0.219964981079102,"2020-03-06",1432,1,"Artificial","Artificial Blink","Predictive","Predictive Cue","Valid",1,1,219.964981079102
"eb3",1,0,"a",1,46,0.371,1,1,0.6,0.086775582801252,142.85829615593,144.148214101791,0.319968938827515,1,0.220001935958862,"2020-03-06",1432,1,"Artificial","Artificial Blink","Predictive","Predictive Cue","Valid",1,1,220.001935958862
"eb3",1,0,"a",1,47,0.339,1,1,0.6,0.101473226359669,144.988323926926,146.788282155991,0.289960861206055,1,0.249993085861206,"2020-03-06",1432,1,"Artificial","Artificial Blink","Predictive","Predictive Cue","Valid",1,1,249.993085861206
"eb3",1,0,"a",1,48,0.428,0,0,0.6,0.104720556133368,147.628273963928,149.618308067322,0.390041828155518,1,0.369982957839966,"2020-03-06",1432,1,"Artificial","Artificial Blink","Predictive","Predictive Cue","Invalid",-1,1,369.982957839966
"eb3",1,0,"a",1,49,0.323,1,1,0.6,0.0897585888679092,150.45828294754,151.788201093674,0.410006999969482,1,0.310015201568604,"2020-03-06",1432,1,"Artificial","Artificial Blink","Predictive","Predictive Cue","Valid",1,1,310.015201568604
"eb3",1,0,"a",1,51,0.398,1,0,0.6,0.0921253752266143,154.848299026489,156.298249006271,0.249999046325684,1,0.389992952346802,"2020-03-06",1432,1,"Artificial","Artificial Blink","Predictive","Predictive Cue","Invalid",-1,1,389.992952346802
"eb3",1,0,"a",1,52,0.337,1,1,0.6,0.114939316006626,157.138285160065,158.478227138519,0.369999885559082,1,0.289983987808228,"2020-03-06",1432,1,"Artificial","Artificial Blink","Predictive","Predictive Cue","Valid",1,1,289.983987808228
"eb3",1,0,"a",1,53,0.361,0,1,0.6,0.0765891883089692,159.31828212738,160.678202152252,0.39996600151062,1,0.279983043670654,"2020-03-06",1432,1,"Artificial","Artificial Blink","Predictive","Predictive Cue","Valid",1,1,279.983043670654
"eb3",1,0,"a",1,54,0.488,0,0,0.6,0.10114334972673,161.518248081207,162.998185157776,0.30997896194458,1,0.299960136413574,"2020-03-06",1432,1,"Artificial","Artificial Blink","Predictive","Predictive Cue","Invalid",-1,1,299.960136413574
"eb3",1,0,"a",1,55,0.5,1,1,0.6,0.0666627058045527,163.838253974915,165.30819606781,0.379994869232178,1,0.239928960800171,"2020-03-06",1432,1,"Artificial","Artificial Blink","Predictive","Predictive Cue","Valid",1,1,239.928960800171
"eb3",1,0,"a",1,56,0.493,0,1,0.6,0.0943151025025579,166.14824795723,167.998219966888,0.309834957122803,1,0.259970188140869,"2020-03-06",1432,1,"Artificial","Artificial Blink","Predictive","Predictive Cue","Valid",1,1,259.970188140869
"eb3",1,0,"a",1,57,0.434,1,1,0.6,0.0869959411917043,168.838215112686,170.268152952194,0.410006999969482,1,0.289969921112061,"2020-03-06",1432,1,"Artificial","Artificial Blink","Predictive","Predictive Cue","Valid",1,1,289.969921112061
"eb3",1,0,"a",1,58,0.386,1,1,0.6,0.0941083679297614,171.108246088028,172.518145084381,0.330142974853516,1,0.289952993392944,"2020-03-06",1432,1,"Artificial","Artificial Blink","Predictive","Predictive Cue","Valid",1,1,289.952993392944
"eb3",1,0,"a",1,59,0.309,1,0,0.6,0.0892231076235726,173.358216047287,174.708151102066,0.3300461769104,1,0.350036144256592,"2020-03-06",1432,1,"Artificial","Artificial Blink","Predictive","Predictive Cue","Invalid",-1,1,350.036144256592
"eb3",1,0,"a",1,60,0.444,1,1,0.6,0.0878306214392097,175.528198957443,177.428163051605,0.309961080551147,1,0.27997899055481,"2020-03-06",1432,1,"Artificial","Artificial Blink","Predictive","Predictive Cue","Valid",1,1,279.97899055481
"eb3",1,0,"a",1,61,0.306,0,1,0.6,0.0952070823182875,178.268141031265,179.628118038177,0.399970054626465,1,0.289963006973267,"2020-03-06",1432,1,"Artificial","Artificial Blink","Predictive","Predictive Cue","Valid",1,1,289.963006973267
"eb3",1,0,"a",1,62,0.432,0,1,0.6,0.0639736661887736,180.468143939972,181.878147125244,0.320068120956421,1,0.279994964599609,"2020-03-06",1432,1,"Artificial","Artificial Blink","Predictive","Predictive Cue","Valid",1,1,279.994964599609
"eb3",1,0,"a",1,63,0.439,0,0,0.6,0.0883825234433862,182.718204021454,184.188133001328,0.399956941604614,1,0.359951972961426,"2020-03-06",1432,1,"Artificial","Artificial Blink","Predictive","Predictive Cue","Invalid",-1,1,359.951972961426
"eb3",1,0,"a",1,64,0.367,0,1,0.6,0.0960867907934471,185.02817606926,186.368091106415,0.329897880554199,1,0.259974956512451,"2020-03-06",1432,1,"Artificial","Artificial Blink","Predictive","Predictive Cue","Valid",1,1,259.974956512451
"eb3",1,0,"a",1,65,0.305,1,1,0.6,0.0859817177415192,187.208164930344,188.878160953522,0.37999701499939,1,0.270015954971313,"2020-03-06",1432,1,"Artificial","Artificial Blink","Predictive","Predictive Cue","Valid",1,1,270.015954971313
"eb3",1,0,"a",1,66,0.454,1,1,0.6,0.115324011112152,189.718111038208,191.128036022186,0.260078907012939,1,0.240022897720337,"2020-03-06",1432,1,"Artificial","Artificial Blink","Predictive","Predictive Cue","Valid",1,1,240.022897720337
"eb3",1,0,"a",1,69,0.444,1,1,0.6,0.0882534005722325,196.698116064072,198.178117036819,0.310029983520508,1,0.300019979476929,"2020-03-06",1432,1,"Artificial","Artificial Blink","Predictive","Predictive Cue","Valid",1,1,300.019979476929
"eb3",1,0,"a",1,70,0.485,0,1,0.6,0.115961313854632,199.018108129501,200.498094081879,0.280011892318726,1,0.279959917068481,"2020-03-06",1432,1,"Artificial","Artificial Blink","Predictive","Predictive Cue","Valid",1,1,279.959917068481
"eb3",1,0,"a",1,71,0.419,0,1,0.6,0.0918752887587636,201.338132143021,202.728032112122,0.279961109161377,1,0.269997119903564,"2020-03-06",1432,1,"Artificial","Artificial Blink","Predictive","Predictive Cue","Valid",1,1,269.997119903564
"eb3",1,0,"a",1,72,0.434,0,1,0.6,0.101661057916946,203.568042039871,204.99801492691,0.320008993148804,1,0.269853115081787,"2020-03-06",1432,1,"Artificial","Artificial Blink","Predictive","Predictive Cue","Valid",1,1,269.853115081787
"eb3",1,0,"a",1,73,0.395,1,1,0.6,0.101295042893541,205.838045120239,207.238074064255,0.389988899230957,1,0.299941062927246,"2020-03-06",1432,1,"Artificial","Artificial Blink","Predictive","Predictive Cue","Valid",1,1,299.941062927246
"eb3",1,0,"a",1,74,0.327,0,1,0.6,0.0808815477161059,208.078035116196,209.398044109344,0.320036888122559,1,0.289994955062866,"2020-03-06",1432,1,"Artificial","Artificial Blink","Predictive","Predictive Cue","Valid",1,1,289.994955062866
"eb3",1,0,"a",1,75,0.339,1,1,0.6,0.0664171006869918,210.218030929565,211.547996997833,0.319996118545532,1,0.270002126693726,"2020-03-06",1432,1,"Artificial","Artificial Blink","Predictive","Predictive Cue","Valid",1,1,270.002126693726
"eb3",1,0,"a",1,76,0.464,1,1,0.6,0.0543411308469188,212.388054132462,213.827990055084,0.300000905990601,1,0.279999017715454,"2020-03-06",1432,1,"Artificial","Artificial Blink","Predictive","Predictive Cue","Valid",1,1,279.999017715454
"eb3",1,0,"a",1,77,0.399,0,1,0.6,0.0967066981473399,214.668029069901,216.038064002991,0.289978981018066,1,0.260061025619507,"2020-03-06",1432,1,"Artificial","Artificial Blink","Predictive","Predictive Cue","Valid",1,1,260.061025619507
"eb3",1,0,"a",1,78,0.413,1,0,0.6,0.0799247914119249,216.878081083298,218.318030118942,0.380002975463867,1,0.330005884170532,"2020-03-06",1432,1,"Artificial","Artificial Blink","Predictive","Predictive Cue","Invalid",-1,1,330.005884170532
"eb3",1,0,"a",1,79,0.445,0,0,0.6,0.0967652247559568,219.158065080643,220.627998113632,0.280004024505615,1,0.340096950531006,"2020-03-06",1432,1,"Artificial","Artificial Blink","Predictive","Predictive Cue","Invalid",-1,1,340.096950531006
"eb3",1,0,"a",1,80,0.437,0,1,0.6,0.0941384140614508,221.468112945557,222.9180560112,0.289992809295654,1,0.299999952316284,"2020-03-06",1432,1,"Artificial","Artificial Blink","Predictive","Predictive Cue","Valid",1,1,299.999952316284
"eb3",1,0,"c",1,1,0.491,1,0,0.9,0,85.7342381477356,88.5840170383453,0.229975938796997,1,0.339997053146362,"2020-03-06",1320,1,"NoBlink","No Blink","Predictive","Predictive Cue","Invalid",-1,1,339.997053146362
"eb3",1,0,"c",1,2,0.402,0,1,0.9,0,89.4239370822906,91.8036930561066,0.249948978424072,1,0.260008096694946,"2020-03-06",1320,1,"NoBlink","No Blink","Predictive","Predictive Cue","Valid",1,1,260.008096694946
"eb3",1,0,"c",1,3,0.496,0,1,0.9,0,92.6436140537262,94.5735919475555,0.259986162185669,1,0.260067939758301,"2020-03-06",1320,1,"NoBlink","No Blink","Predictive","Predictive Cue","Valid",1,1,260.067939758301
"eb3",1,0,"c",1,4,0.425,1,1,0.9,0,95.4134891033173,97.3033120632172,0.319967985153198,1,0.289952993392944,"2020-03-06",1320,1,"NoBlink","No Blink","Predictive","Predictive Cue","Valid",1,1,289.952993392944
"eb3",1,0,"c",1,5,0.396,1,1,0.9,0,98.1432869434357,99.9230690002441,0.250015020370483,1,0.269959926605225,"2020-03-06",1320,1,"NoBlink","No Blink","Predictive","Predictive Cue","Valid",1,1,269.959926605225
"eb3",1,0,"c",1,6,0.363,0,1,0.9,0,100.76303601265,102.622982978821,0.279916048049927,1,0.249979019165039,"2020-03-06",1320,1,"NoBlink","No Blink","Predictive","Predictive Cue","Valid",1,1,249.979019165039
"eb3",1,0,"c",1,7,0.485,0,0,0.9,0,103.46287894249,105.512774944305,0.269989013671875,1,0.329975128173828,"2020-03-06",1320,1,"NoBlink","No Blink","Predictive","Predictive Cue","Invalid",-1,1,329.975128173828
"eb3",1,0,"c",1,8,0.463,1,1,0.9,0,106.352661132812,108.142488956451,0.299967050552368,1,0.309981107711792,"2020-03-06",1320,1,"NoBlink","No Blink","Predictive","Predictive Cue","Valid",1,1,309.981107711792
"eb3",1,0,"c",1,9,0.478,0,1,0.9,0,108.982481002808,110.712295055389,0.259963035583496,1,0.259974002838135,"2020-03-06",1320,1,"NoBlink","No Blink","Predictive","Predictive Cue","Valid",1,1,259.974002838135
"eb3",1,0,"c",1,10,0.486,0,0,0.9,0,111.532273054123,113.342097043991,0.439954996109009,1,0.289913892745972,"2020-03-06",1320,1,"NoBlink","No Blink","Predictive","Predictive Cue","Invalid",-1,1,289.913892745972
"eb3",1,0,"c",1,11,0.36,1,1,0.9,0,114.182136058807,115.852020978928,0.279922008514404,1,0.289840936660767,"2020-03-06",1320,1,"NoBlink","No Blink","Predictive","Predictive Cue","Valid",1,1,289.840936660767
"eb3",1,0,"c",1,12,0.389,0,1,0.9,0,116.691935062408,118.291814088821,0.199980974197388,1,0.250007152557373,"2020-03-06",1320,1,"NoBlink","No Blink","Predictive","Predictive Cue","Valid",1,1,250.007152557373
"eb3",1,0,"c",1,13,0.365,1,1,0.9,0,119.131839990616,120.78161907196,0.379998922348022,1,0.269944906234741,"2020-03-06",1320,1,"NoBlink","No Blink","Predictive","Predictive Cue","Valid",1,1,269.944906234741
"eb3",1,0,"c",1,14,0.483,0,1,0.9,0,121.621639966965,123.331520080566,0.279979944229126,1,0.219993114471436,"2020-03-06",1320,1,"NoBlink","No Blink","Predictive","Predictive Cue","Valid",1,1,219.993114471436
"eb3",1,0,"c",1,15,0.347,1,1,0.9,0,124.171504020691,125.771335124969,0.280025005340576,1,0.270009994506836,"2020-03-06",1320,1,"NoBlink","No Blink","Predictive","Predictive Cue","Valid",1,1,270.009994506836
"eb3",1,0,"c",1,16,0.398,1,0,0.9,0,126.611304044724,128.431270122528,0.249964952468872,1,0.360002994537354,"2020-03-06",1320,1,"NoBlink","No Blink","Predictive","Predictive Cue","Invalid",-1,1,360.002994537354
"eb3",1,0,"c",1,17,0.386,1,0,0.9,0,129.271155118942,131.370980024338,0.0999720096588135,1,0.42998194694519,"2020-03-06",1320,1,"NoBlink","No Blink","Predictive","Predictive Cue","Invalid",-1,1,429.98194694519
"eb3",1,0,"c",1,18,0.438,1,1,0.9,0,132.210973978043,133.950871944427,0.259999990463257,1,0.300297021865845,"2020-03-06",1320,1,"NoBlink","No Blink","Predictive","Predictive Cue","Valid",1,1,300.297021865845
"eb3",1,0,"c",1,19,0.412,0,1,0.9,0,134.79083609581,136.430740118027,0.190136909484863,1,0.249941825866699,"2020-03-06",1320,1,"NoBlink","No Blink","Predictive","Predictive Cue","Valid",1,1,249.941825866699
"eb3",1,0,"c",1,20,0.368,0,1,0.9,0,137.270677089691,138.890509128571,0.279992818832397,1,0.279989004135132,"2020-03-06",1320,1,"NoBlink","No Blink","Predictive","Predictive Cue","Valid",1,1,279.989004135132
"eb3",1,0,"c",1,21,0.303,0,0,0.9,0,139.730525016785,141.390377044678,0.279967069625854,1,0.360159873962402,"2020-03-06",1320,1,"NoBlink","No Blink","Predictive","Predictive Cue","Invalid",-1,1,360.159873962402
"eb3",1,0,"c",1,22,0.367,1,1,0.9,0,142.230325937271,143.900251150131,0.279985904693604,1,0.330058813095093,"2020-03-06",1320,1,"NoBlink","No Blink","Predictive","Predictive Cue","Valid",1,1,330.058813095093
"eb3",1,0,"c",1,23,0.487,1,1,0.9,0,144.74024105072,146.52005815506,0.179987907409668,1,0.290024042129517,"2020-03-06",1320,1,"NoBlink","No Blink","Predictive","Predictive Cue","Valid",1,1,290.024042129517
"eb3",1,0,"c",1,24,0.455,0,1,0.9,0,147.36008810997,149.069920063019,0.129996061325073,1,0.260008811950684,"2020-03-06",1320,1,"NoBlink","No Blink","Predictive","Predictive Cue","Valid",1,1,260.008811950684
"eb3",1,0,"c",1,25,0.361,0,1,0.9,0,149.909893035889,151.529771089554,0.249988079071045,1,0.27000904083252,"2020-03-06",1320,1,"NoBlink","No Blink","Predictive","Predictive Cue","Valid",1,1,270.00904083252
"eb3",1,0,"c",1,26,0.402,1,1,0.9,0,152.36980509758,154.059615135193,0.369981050491333,1,0.29994010925293,"2020-03-06",1320,1,"NoBlink","No Blink","Predictive","Predictive Cue","Valid",1,1,299.94010925293
"eb3",1,0,"c",1,27,0.454,0,1,0.9,0,154.899651050568,156.629536151886,0.299955129623413,1,0.260005950927734,"2020-03-06",1320,1,"NoBlink","No Blink","Predictive","Predictive Cue","Valid",1,1,260.005950927734
"eb3",1,0,"c",1,28,0.365,0,1,0.9,0,157.469568967819,159.249402046204,0.329943180084229,1,0.289996862411499,"2020-03-06",1320,1,"NoBlink","No Blink","Predictive","Predictive Cue","Valid",1,1,289.996862411499
"eb3",1,0,"c",1,29,0.309,0,0,0.9,0,160.089416027069,161.749206066132,0.319957971572876,1,0.369978189468384,"2020-03-06",1320,1,"NoBlink","No Blink","Predictive","Predictive Cue","Invalid",-1,1,369.978189468384
"eb3",1,0,"c",1,30,0.459,1,1,0.9,0,162.589215040207,164.359118938446,0.300014972686768,1,0.309963941574097,"2020-03-06",1320,1,"NoBlink","No Blink","Predictive","Predictive Cue","Valid",1,1,309.963941574097
"eb3",1,0,"c",1,31,0.306,1,1,0.9,0,165.179147958755,167.408962011337,0.289960145950317,1,0.289896965026855,"2020-03-06",1320,1,"NoBlink","No Blink","Predictive","Predictive Cue","Valid",1,1,289.896965026855
"eb3",1,0,"c",1,32,0.469,1,0,0.9,0,168.229125022888,170.028824090958,0.169996023178101,1,0.339982032775879,"2020-03-06",1320,1,"NoBlink","No Blink","Predictive","Predictive Cue","Invalid",-1,1,339.982032775879
"eb3",1,0,"c",1,33,0.443,0,1,0.9,0,170.868833065033,172.568717002869,0.110037803649902,1,0.260054111480713,"2020-03-06",1320,1,"NoBlink","No Blink","Predictive","Predictive Cue","Valid",1,1,260.054111480713
"eb3",1,0,"c",1,34,0.356,1,0,0.9,0,173.40867805481,175.868582963943,0.270046949386597,1,0.319977045059204,"2020-03-06",1320,1,"NoBlink","No Blink","Predictive","Predictive Cue","Invalid",-1,1,319.977045059204
"eb3",1,0,"c",1,35,0.466,1,1,0.9,0,176.70852804184,178.3885409832,0.290013074874878,1,0.249976873397827,"2020-03-06",1320,1,"NoBlink","No Blink","Predictive","Predictive Cue","Valid",1,1,249.976873397827
"eb3",1,0,"c",1,36,0.329,0,1,0.9,0,179.228463172913,180.84827709198,0.379796981811523,1,0.279941082000732,"2020-03-06",1320,1,"NoBlink","No Blink","Predictive","Predictive Cue","Valid",1,1,279.941082000732
"eb3",1,0,"c",1,37,0.411,1,1,0.9,0,181.688277006149,183.428277015686,0.260005950927734,1,0.299939155578613,"2020-03-06",1320,1,"NoBlink","No Blink","Predictive","Predictive Cue","Valid",1,1,299.939155578613
"eb3",1,0,"c",1,38,0.489,0,0,0.9,0,184.268182992935,186.128101110458,0.279996871948242,1,0.359986066818237,"2020-03-06",1320,1,"NoBlink","No Blink","Predictive","Predictive Cue","Invalid",-1,1,359.986066818237
"eb3",1,0,"c",1,39,0.474,0,1,0.9,0,186.968070030212,188.777929067612,0.259943008422852,1,0.309981822967529,"2020-03-06",1320,1,"NoBlink","No Blink","Predictive","Predictive Cue","Valid",1,1,309.981822967529
"eb3",1,0,"c",1,40,0.39,1,1,0.9,0,189.617951154709,191.337871074677,0.490040063858032,1,0.299981832504272,"2020-03-06",1320,1,"NoBlink","No Blink","Predictive","Predictive Cue","Valid",1,1,299.981832504272
"eb3",1,0,"c",1,41,0.437,0,1,0.9,0,192.177870988846,193.907736063004,0.289969921112061,1,0.259968042373657,"2020-03-06",1320,1,"NoBlink","No Blink","Predictive","Predictive Cue","Valid",1,1,259.968042373657
"eb3",1,0,"c",1,42,0.407,0,0,0.9,0,194.747779130936,196.457658052444,0.170001983642578,1,0.329924821853638,"2020-03-06",1320,1,"NoBlink","No Blink","Predictive","Predictive Cue","Invalid",-1,1,329.924821853638
"eb3",1,0,"c",1,43,0.479,1,0,0.9,0,197.29763507843,199.13755106926,0.27001690864563,1,0.360071897506714,"2020-03-06",1320,1,"NoBlink","No Blink","Predictive","Predictive Cue","Invalid",-1,1,360.071897506714
"eb3",1,0,"c",1,44,0.406,1,1,0.9,0,199.977559089661,201.707441091537,0.209996938705444,1,0.319828987121582,"2020-03-06",1320,1,"NoBlink","No Blink","Predictive","Predictive Cue","Valid",1,1,319.828987121582
"eb3",1,0,"c",1,45,0.437,1,1,0.9,0,202.547384023666,204.317398071289,0.329988956451416,1,0.349961996078491,"2020-03-06",1320,1,"NoBlink","No Blink","Predictive","Predictive Cue","Valid",1,1,349.961996078491
"eb3",1,0,"c",1,46,0.361,0,1,0.9,0,205.157365083694,206.847234010696,0.299987077713013,1,0.339982986450195,"2020-03-06",1320,1,"NoBlink","No Blink","Predictive","Predictive Cue","Valid",1,1,339.982986450195
"eb3",1,0,"c",1,47,0.306,1,1,0.9,0,207.687189102173,209.337209939957,0.439977169036865,1,0.319950103759766,"2020-03-06",1320,1,"NoBlink","No Blink","Predictive","Predictive Cue","Valid",1,1,319.950103759766
"eb3",1,0,"c",1,48,0.431,0,1,0.9,0,210.177145957947,211.907009124756,0.26996898651123,1,0.31003999710083,"2020-03-06",1320,1,"NoBlink","No Blink","Predictive","Predictive Cue","Valid",1,1,310.03999710083
"eb3",1,0,"c",1,49,0.494,1,1,0.9,0,212.747082948685,214.567007064819,0.31004810333252,1,0.309973001480103,"2020-03-06",1320,1,"NoBlink","No Blink","Predictive","Predictive Cue","Valid",1,1,309.973001480103
"eb3",1,0,"c",1,50,0.404,0,1,0.9,0,215.4069480896,217.096889019012,0.26000189781189,1,0.290024042129517,"2020-03-06",1320,1,"NoBlink","No Blink","Predictive","Predictive Cue","Valid",1,1,290.024042129517
"eb3",1,0,"c",1,51,0.498,1,1,0.9,0,217.936891078949,219.746721029282,0.439881086349487,1,0.319937944412231,"2020-03-06",1320,1,"NoBlink","No Blink","Predictive","Predictive Cue","Valid",1,1,319.937944412231
"eb3",1,0,"c",1,52,0.302,0,0,0.9,0,220.586791992188,222.176666975021,0.370012998580933,1,0.289966106414795,"2020-03-06",1320,1,"NoBlink","No Blink","Predictive","Predictive Cue","Invalid",-1,1,289.966106414795
"eb3",1,0,"c",1,53,0.494,0,1,0.9,0,223.016711950302,225.246603965759,0.299988031387329,1,0.280009031295776,"2020-03-06",1320,1,"NoBlink","No Blink","Predictive","Predictive Cue","Valid",1,1,280.009031295776
"eb3",1,0,"c",1,54,0.46,0,1,0.9,0,226.086539983749,227.856438159943,0.319989204406738,1,0.279978036880493,"2020-03-06",1320,1,"NoBlink","No Blink","Predictive","Predictive Cue","Valid",1,1,279.978036880493
"eb3",1,0,"c",1,55,0.336,1,0,0.9,0,228.696505069733,230.376564979553,0.389987945556641,1,0.329977989196777,"2020-03-06",1320,1,"NoBlink","No Blink","Predictive","Predictive Cue","Invalid",-1,1,329.977989196777
"eb3",1,0,"c",1,56,0.495,1,1,0.9,0,231.216418981552,233.036311149597,0.279984951019287,1,0.289968967437744,"2020-03-06",1320,1,"NoBlink","No Blink","Predictive","Predictive Cue","Valid",1,1,289.968967437744
"eb3",1,0,"c",1,57,0.419,0,1,0.9,0,233.876340150833,235.576210975647,0.339991807937622,1,0.270035982131958,"2020-03-06",1320,1,"NoBlink","No Blink","Predictive","Predictive Cue","Valid",1,1,270.035982131958
"eb3",1,0,"c",1,58,0.433,1,1,0.9,0,236.396255970001,238.086159944534,0.320006132125854,1,0.289956092834473,"2020-03-06",1320,1,"NoBlink","No Blink","Predictive","Predictive Cue","Valid",1,1,289.956092834473
"eb3",1,0,"c",1,59,0.415,0,1,0.9,0,238.926154136658,240.626111030579,0.320000171661377,1,0.270167112350464,"2020-03-06",1320,1,"NoBlink","No Blink","Predictive","Predictive Cue","Valid",1,1,270.167112350464
"eb3",1,0,"c",1,60,0.373,1,0,0.9,0,241.46608710289,243.186004161835,0.37994909286499,1,0.329991102218628,"2020-03-06",1320,1,"NoBlink","No Blink","Predictive","Predictive Cue","Invalid",-1,1,329.991102218628
"eb3",1,0,"c",1,61,0.346,1,1,0.9,0,244.02601313591,245.705929040909,0.409820079803467,1,0.300056219100952,"2020-03-06",1320,1,"NoBlink","No Blink","Predictive","Predictive Cue","Valid",1,1,300.056219100952
"eb3",1,0,"c",1,62,0.386,1,1,0.9,0,246.545948982239,248.185872077942,0.189976930618286,1,0.260021924972534,"2020-03-06",1320,1,"NoBlink","No Blink","Predictive","Predictive Cue","Valid",1,1,260.021924972534
"eb3",1,0,"c",1,63,0.468,0,0,0.9,0,249.025884151459,250.885780096054,0.350008010864258,1,0.35998797416687,"2020-03-06",1320,1,"NoBlink","No Blink","Predictive","Predictive Cue","Invalid",-1,1,359.98797416687
"eb3",1,0,"c",1,64,0.352,0,1,0.9,0,251.705778121948,253.375694990158,0.410014152526855,1,0.290004014968872,"2020-03-06",1320,1,"NoBlink","No Blink","Predictive","Predictive Cue","Valid",1,1,290.004014968872
"eb3",1,0,"c",1,65,0.397,1,1,0.9,0,254.215659141541,255.97559094429,0.360001087188721,1,0.270013093948364,"2020-03-06",1320,1,"NoBlink","No Blink","Predictive","Predictive Cue","Valid",1,1,270.013093948364
"eb3",1,0,"c",1,66,0.425,1,0,0.9,0,256.795659065247,258.61557507515,0.279973030090332,1,0.360002994537354,"2020-03-06",1320,1,"NoBlink","No Blink","Predictive","Predictive Cue","Invalid",-1,1,360.002994537354
"eb3",1,0,"c",1,67,0.324,0,0,0.9,0,259.455544948578,261.155490159988,0.350009918212891,1,0.330026865005493,"2020-03-06",1320,1,"NoBlink","No Blink","Predictive","Predictive Cue","Invalid",-1,1,330.026865005493
"eb3",1,0,"c",1,68,0.381,0,1,0.9,0,261.995520114899,263.605471134186,0.120194911956787,1,0.219989061355591,"2020-03-06",1320,1,"NoBlink","No Blink","Predictive","Predictive Cue","Valid",1,1,219.989061355591
"eb3",1,0,"c",1,69,0.385,1,1,0.9,0,264.445407152176,266.105360031128,0,1,0.259974956512451,"2020-03-06",1320,1,"NoBlink","No Blink","Predictive","Predictive Cue","Valid",1,1,259.974956512451
"eb3",1,0,"c",1,70,0.305,0,1,0.9,0,266.925402164459,268.575276136398,0.270004034042358,1,0.309952974319458,"2020-03-06",1320,1,"NoBlink","No Blink","Predictive","Predictive Cue","Valid",1,1,309.952974319458
"eb3",1,0,"c",1,71,0.469,1,1,0.9,0,269.415333032608,271.225219011307,0.279998064041138,1,0.309993028640747,"2020-03-06",1320,1,"NoBlink","No Blink","Predictive","Predictive Cue","Valid",1,1,309.993028640747
"eb3",1,0,"c",1,72,0.451,0,1,0.9,0,272.065248966217,274.045189142227,0.219972133636475,1,0.319968938827515,"2020-03-06",1320,1,"NoBlink","No Blink","Predictive","Predictive Cue","Valid",1,1,319.968938827515
"eb3",1,0,"c",1,73,0.383,0,1,0.9,0,274.865211009979,276.515105009079,0.250002145767212,1,0.300018072128296,"2020-03-06",1320,1,"NoBlink","No Blink","Predictive","Predictive Cue","Valid",1,1,300.018072128296
"eb3",1,0,"c",1,74,0.5,0,0,0.9,0,277.35519194603,279.395018100739,0.279983997344971,1,0.399992942810059,"2020-03-06",1320,1,"NoBlink","No Blink","Predictive","Predictive Cue","Invalid",-1,1,399.992942810059
"eb3",1,0,"c",1,75,0.326,1,0,0.9,0,280.235020160675,281.895009994507,0.299974918365479,1,0.310058116912842,"2020-03-06",1320,1,"NoBlink","No Blink","Predictive","Predictive Cue","Invalid",-1,1,310.058116912842
"eb3",1,0,"c",1,76,0.385,1,1,0.9,0,282.734961032867,284.424942970276,0.279990911483765,1,0.260010004043579,"2020-03-06",1320,1,"NoBlink","No Blink","Predictive","Predictive Cue","Valid",1,1,260.010004043579
"eb3",1,0,"c",1,78,0.335,1,1,0.9,0,287.674878120422,289.264846086502,0.27003288269043,1,0.250000953674316,"2020-03-06",1320,1,"NoBlink","No Blink","Predictive","Predictive Cue","Valid",1,1,250.000953674316
"eb3",1,0,"c",1,79,0.413,0,1,0.9,0,290.104897975922,291.864825963974,0.24003005027771,1,0.340017080307007,"2020-03-06",1320,1,"NoBlink","No Blink","Predictive","Predictive Cue","Valid",1,1,340.017080307007
"eb3",1,0,"c",1,80,0.48,1,1,0.9,0,292.70481300354,294.554762125015,0.0199911594390869,1,0.299966096878052,"2020-03-06",1320,1,"NoBlink","No Blink","Predictive","Predictive Cue","Valid",1,1,299.966096878052
"eb3",1,0,"c",1,81,0.393,1,1,0.9,0,295.39474105835,297.084702968597,0.319998025894165,1,0.299937963485718,"2020-03-06",1320,1,"NoBlink","No Blink","Predictive","Predictive Cue","Valid",1,1,299.937963485718
"eb3",1,0,"c",1,82,0.372,1,1,0.9,0,297.924731016159,299.584717988968,0.220005035400391,1,0.319966793060303,"2020-03-06",1320,1,"NoBlink","No Blink","Predictive","Predictive Cue","Valid",1,1,319.966793060303
"eb3",1,0,"c",1,83,0.494,1,0,0.9,0,300.424683094025,302.244522094727,0.139972925186157,1,0.33996319770813,"2020-03-06",1320,1,"NoBlink","No Blink","Predictive","Predictive Cue","Invalid",-1,1,339.96319770813
"eb3",1,0,"c",1,84,0.397,0,1,0.9,0,303.084593057632,305.264606952667,0.259987115859985,1,0.309988975524902,"2020-03-06",1320,1,"NoBlink","No Blink","Predictive","Predictive Cue","Valid",1,1,309.988975524902
"eb3",1,0,"c",1,85,0.329,0,1,0.9,0,306.104561090469,307.694532155991,0.279932975769043,1,0.290029048919678,"2020-03-06",1320,1,"NoBlink","No Blink","Predictive","Predictive Cue","Valid",1,1,290.029048919678
"eb3",1,0,"c",1,86,0.401,1,1,0.9,0,308.534533977509,310.194466114044,0.269975900650024,1,0.289994955062866,"2020-03-06",1320,1,"NoBlink","No Blink","Predictive","Predictive Cue","Valid",1,1,289.994955062866
"eb3",1,0,"c",1,87,0.351,0,1,0.9,0,311.034515142441,312.704398155212,0.269995927810669,1,0.310012102127075,"2020-03-06",1320,1,"NoBlink","No Blink","Predictive","Predictive Cue","Valid",1,1,310.012102127075
"eb3",1,0,"c",1,88,0.475,0,0,0.9,0,313.544469118118,315.394381999969,0.330014944076538,1,0.339946985244751,"2020-03-06",1320,1,"NoBlink","No Blink","Predictive","Predictive Cue","Invalid",-1,1,339.946985244751
"eb3",1,0,"c",1,89,0.39,0,1,0.9,0,316.234399080276,317.95436000824,0.28004002571106,1,0.28002405166626,"2020-03-06",1320,1,"NoBlink","No Blink","Predictive","Predictive Cue","Valid",1,1,280.02405166626
"eb3",1,0,"c",1,90,0.406,1,1,0.9,0,318.794372081757,320.51430606842,0.339861154556274,1,0.289965152740479,"2020-03-06",1320,1,"NoBlink","No Blink","Predictive","Predictive Cue","Valid",1,1,289.965152740479
"eb3",1,0,"c",1,91,0.407,0,1,0.9,0,321.354333162308,323.064218997955,0.239981889724731,1,0.270135164260864,"2020-03-06",1320,1,"NoBlink","No Blink","Predictive","Predictive Cue","Valid",1,1,270.135164260864
"eb3",1,0,"c",1,92,0.341,1,0,0.9,0,323.904226064682,325.564265966415,0.240000009536743,1,0.340035200119019,"2020-03-06",1320,1,"NoBlink","No Blink","Predictive","Predictive Cue","Invalid",-1,1,340.035200119019
"eb3",1,0,"c",1,93,0.443,1,1,0.9,0,326.384261131287,328.144205093384,0.149976968765259,1,0.299993991851807,"2020-03-06",1320,1,"NoBlink","No Blink","Predictive","Predictive Cue","Valid",1,1,299.993991851807
"eb3",1,0,"c",1,94,0.443,0,1,0.9,0,328.964244127274,330.724161148071,0.100030899047852,1,0.27997088432312,"2020-03-06",1320,1,"NoBlink","No Blink","Predictive","Predictive Cue","Valid",1,1,279.97088432312
"eb3",1,0,"c",1,95,0.359,0,0,0.9,0,331.564213991165,333.274117946625,0.0799720287322998,1,0.329991102218628,"2020-03-06",1320,1,"NoBlink","No Blink","Predictive","Predictive Cue","Invalid",-1,1,329.991102218628
"eb3",1,0,"c",1,96,0.427,1,1,0.9,0,334.114181041718,335.824084997177,0.270017147064209,1,0.320134162902832,"2020-03-06",1320,1,"NoBlink","No Blink","Predictive","Predictive Cue","Valid",1,1,320.134162902832
"eb3",1,0,"c",1,97,0.313,0,0,0.9,0,336.664083003998,338.394108057022,0.319916963577271,1,0.37996506690979,"2020-03-06",1320,1,"NoBlink","No Blink","Predictive","Predictive Cue","Invalid",-1,1,379.96506690979
"eb3",1,0,"c",1,98,0.364,1,1,0.9,0,339.234090089798,340.934067964554,0.219940185546875,1,0.309943914413452,"2020-03-06",1320,1,"NoBlink","No Blink","Predictive","Predictive Cue","Valid",1,1,309.943914413452
"eb3",1,0,"c",1,99,0.302,1,1,0.9,0,341.774075031281,343.524022102356,0.25994610786438,1,0.419973134994507,"2020-03-06",1320,1,"NoBlink","No Blink","Predictive","Predictive Cue","Valid",1,1,419.973134994507
"eb3",1,0,"c",1,100,0.332,0,1,0.9,0,344.36404299736,345.96395111084,0.249934911727905,1,0.229989051818848,"2020-03-06",1320,1,"NoBlink","No Blink","Predictive","Predictive Cue","Valid",1,1,229.989051818848
"eb3",1,0,"c",1,101,0.385,0,1,0.9,0,346.804016113281,348.473994970322,0.109941959381104,1,0.280092000961304,"2020-03-06",1320,1,"NoBlink","No Blink","Predictive","Predictive Cue","Valid",1,1,280.092000961304
"eb3",1,0,"c",1,102,0.487,0,1,0.9,0,349.313986063004,351.253968000412,0.260006904602051,1,0.299998044967651,"2020-03-06",1320,1,"NoBlink","No Blink","Predictive","Predictive Cue","Valid",1,1,299.998044967651
"eb3",1,0,"c",1,103,0.343,1,1,0.9,0,352.09397315979,353.733906030655,0.19003701210022,1,0.269978046417236,"2020-03-06",1320,1,"NoBlink","No Blink","Predictive","Predictive Cue","Valid",1,1,269.978046417236
"eb3",1,0,"c",1,104,0.425,1,0,0.9,0,354.573919057846,356.363878011703,0.0999879837036133,1,0.369970083236694,"2020-03-06",1320,1,"NoBlink","No Blink","Predictive","Predictive Cue","Invalid",-1,1,369.970083236694
"eb3",1,0,"c",1,105,0.411,1,1,0.9,0,357.20392203331,358.923859119415,0.129975080490112,1,0.329994916915894,"2020-03-06",1320,1,"NoBlink","No Blink","Predictive","Predictive Cue","Valid",1,1,329.994916915894
"eb3",1,0,"c",1,106,0.402,0,1,0.9,0,359.763895988464,361.903880119324,0.129969120025635,1,0.29991602897644,"2020-03-06",1320,1,"NoBlink","No Blink","Predictive","Predictive Cue","Valid",1,1,299.91602897644
"eb3",1,0,"c",1,107,0.342,0,1,0.9,0,362.743865013123,364.423835039139,0.320016145706177,1,0.299988031387329,"2020-03-06",1320,1,"NoBlink","No Blink","Predictive","Predictive Cue","Valid",1,1,299.988031387329
"eb3",1,0,"c",1,108,0.396,1,0,0.9,0,365.263839006424,366.98378610611,0.240000009536743,1,0.349984884262085,"2020-03-06",1320,1,"NoBlink","No Blink","Predictive","Predictive Cue","Invalid",-1,1,349.984884262085
"eb3",1,0,"c",1,109,0.324,0,1,0.9,0,367.82382106781,369.503705978394,0.179919958114624,1,0.319913864135742,"2020-03-06",1320,1,"NoBlink","No Blink","Predictive","Predictive Cue","Valid",1,1,319.913864135742
"eb3",1,0,"c",1,110,0.307,1,1,0.9,0,370.323733091354,372.183835983276,0.579999923706055,1,0.320051908493042,"2020-03-06",1320,1,"NoBlink","No Blink","Predictive","Predictive Cue","Valid",1,1,320.051908493042
"eb3",1,0,"c",1,111,0.5,1,1,0.9,0,373.023818016052,374.863708972931,0.0700099468231201,1,0.349990844726562,"2020-03-06",1320,1,"NoBlink","No Blink","Predictive","Predictive Cue","Valid",1,1,349.990844726562
"eb3",1,0,"c",1,112,0.467,0,0,0.9,0,375.703768968582,377.50372004509,0.239988803863525,1,0.299961805343628,"2020-03-06",1320,1,"NoBlink","No Blink","Predictive","Predictive Cue","Invalid",-1,1,299.961805343628
"eb3",1,0,"c",1,113,0.39,0,1,0.9,0,378.323745012283,380.023682117462,0.269962072372437,1,0.279997110366821,"2020-03-06",1320,1,"NoBlink","No Blink","Predictive","Predictive Cue","Valid",1,1,279.997110366821
"eb3",1,0,"c",1,114,0.465,0,1,0.9,0,380.863731145859,382.643655061722,0.26007604598999,1,0.289939165115356,"2020-03-06",1320,1,"NoBlink","No Blink","Predictive","Predictive Cue","Valid",1,1,289.939165115356
"eb3",1,0,"c",1,115,0.5,1,1,0.9,0,383.483731031418,385.31366610527,0.0699341297149658,1,0.339972019195557,"2020-03-06",1320,1,"NoBlink","No Blink","Predictive","Predictive Cue","Valid",1,1,339.972019195557
"eb3",1,0,"c",1,116,0.363,1,1,0.9,0,386.153671979904,387.853610038757,0.119940042495728,1,0.310003995895386,"2020-03-06",1320,1,"NoBlink","No Blink","Predictive","Predictive Cue","Valid",1,1,310.003995895386
"eb3",1,0,"c",1,117,0.357,0,1,0.9,0,388.693624973297,390.553723096848,0.0699939727783203,1,0.369992971420288,"2020-03-06",1320,1,"NoBlink","No Blink","Predictive","Predictive Cue","Valid",1,1,369.992971420288
"eb3",1,0,"c",1,118,0.435,1,1,0.9,0,391.393655061722,393.193634033203,0.049940824508667,1,0.320019006729126,"2020-03-06",1320,1,"NoBlink","No Blink","Predictive","Predictive Cue","Valid",1,1,320.019006729126
"eb3",1,0,"c",1,119,0.325,1,0,0.9,0,394.033679008484,395.883619070053,0.2599937915802,1,0.44001293182373,"2020-03-06",1320,1,"NoBlink","No Blink","Predictive","Predictive Cue","Invalid",-1,1,440.01293182373
"eb3",1,0,"c",1,120,0.308,0,0,0.9,0,396.703653097153,398.413642168045,0.269989013671875,1,0.349999904632568,"2020-03-06",1320,1,"NoBlink","No Blink","Predictive","Predictive Cue","Invalid",-1,1,349.999904632568
"eb3",1,0,"c",1,121,0.415,1,1,0.9,0,399.253618955612,400.973662137985,0.110026121139526,1,0.309991121292114,"2020-03-06",1320,1,"NoBlink","No Blink","Predictive","Predictive Cue","Valid",1,1,309.991121292114
"eb3",1,0,"c",1,122,0.438,1,1,0.9,0,401.813575029373,403.723608970642,0,1,0.28016185760498,"2020-03-06",1320,1,"NoBlink","No Blink","Predictive","Predictive Cue","Valid",1,1,280.16185760498
"eb3",1,0,"c",1,123,0.448,1,0,0.9,0,404.563620090485,406.373636007309,0.109997987747192,1,0.349989891052246,"2020-03-06",1320,1,"NoBlink","No Blink","Predictive","Predictive Cue","Invalid",-1,1,349.989891052246
"eb3",1,0,"c",1,124,0.382,0,1,0.9,0,407.213600158691,408.943559169769,0.260035991668701,1,0.309977054595947,"2020-03-06",1320,1,"NoBlink","No Blink","Predictive","Predictive Cue","Valid",1,1,309.977054595947
"eb3",1,0,"c",1,125,0.399,0,1,0.9,0,409.783612966537,411.623548030853,0.279927968978882,1,0.369951963424683,"2020-03-06",1320,1,"NoBlink","No Blink","Predictive","Predictive Cue","Valid",1,1,369.951963424683
"eb3",1,0,"c",1,126,0.354,0,1,0.9,0,412.463622093201,414.113568067551,0.27999210357666,1,0.289965867996216,"2020-03-06",1320,1,"NoBlink","No Blink","Predictive","Predictive Cue","Valid",1,1,289.965867996216
"eb3",1,0,"c",1,127,0.356,0,0,0.9,0,414.953575134277,416.633505105972,0.190003156661987,1,0.329998970031738,"2020-03-06",1320,1,"NoBlink","No Blink","Predictive","Predictive Cue","Invalid",-1,1,329.998970031738
"eb3",1,0,"c",1,128,0.465,1,1,0.9,0,417.473556041718,419.233493089676,0.310003042221069,1,0.290015935897827,"2020-03-06",1320,1,"NoBlink","No Blink","Predictive","Predictive Cue","Valid",1,1,290.015935897827
"eb3",1,0,"c",1,129,0.427,1,1,0.9,0,420.073547124863,421.783506155014,0.279987096786499,1,0.280155897140503,"2020-03-06",1320,1,"NoBlink","No Blink","Predictive","Predictive Cue","Valid",1,1,280.155897140503
"eb3",1,0,"c",1,130,0.419,0,1,0.9,0,422.623559951782,424.323490142822,0.29999303817749,1,0.290002822875977,"2020-03-06",1320,1,"NoBlink","No Blink","Predictive","Predictive Cue","Valid",1,1,290.002822875977
"eb3",1,0,"c",1,131,0.357,1,1,0.9,0,425.163563966751,426.773591041565,0.239990949630737,1,0.260043859481812,"2020-03-06",1320,1,"NoBlink","No Blink","Predictive","Predictive Cue","Valid",1,1,260.043859481812
"eb3",1,0,"c",1,132,0.398,0,1,0.9,0,427.613603115082,429.283501148224,0.1700119972229,1,0.260028123855591,"2020-03-06",1320,1,"NoBlink","No Blink","Predictive","Predictive Cue","Valid",1,1,260.028123855591
"eb3",1,0,"c",1,133,0.316,1,1,0.9,0,430.123610973358,431.73348903656,0.309983968734741,1,0.309998989105225,"2020-03-06",1320,1,"NoBlink","No Blink","Predictive","Predictive Cue","Valid",1,1,309.998989105225
"eb3",1,0,"c",1,134,0.49,0,1,0.9,0,432.573552131653,434.403490066528,0.149988174438477,1,0.320002794265747,"2020-03-06",1320,1,"NoBlink","No Blink","Predictive","Predictive Cue","Valid",1,1,320.002794265747
"eb3",1,0,"c",1,135,0.463,1,0,0.9,0,435.24357509613,437.053492069244,0.149999856948853,1,0.359982967376709,"2020-03-06",1320,1,"NoBlink","No Blink","Predictive","Predictive Cue","Invalid",-1,1,359.982967376709
"eb3",1,0,"c",1,136,0.342,0,0,0.9,0,437.893573045731,439.523545026779,0.140097141265869,1,0.280029058456421,"2020-03-06",1320,1,"NoBlink","No Blink","Predictive","Predictive Cue","Invalid",-1,1,280.029058456421
"eb3",1,0,"c",1,137,0.483,0,1,0.9,0,440.363574028015,442.163526058197,0.210004091262817,1,0.259971141815186,"2020-03-06",1320,1,"NoBlink","No Blink","Predictive","Predictive Cue","Valid",1,1,259.971141815186
"eb3",1,0,"c",1,138,0.353,0,1,0.9,0,443.003586053848,444.693542957306,0.230017185211182,1,0.310065031051636,"2020-03-06",1320,1,"NoBlink","No Blink","Predictive","Predictive Cue","Valid",1,1,310.065031051636
"eb3",1,0,"c",1,139,0.4,1,0,0.9,0,445.533595085144,447.273497104645,0.249987125396729,1,0.329823017120361,"2020-03-06",1320,1,"NoBlink","No Blink","Predictive","Predictive Cue","Invalid",-1,1,329.823017120361
"eb3",1,0,"c",1,140,0.361,1,1,0.9,0,448.113608121872,449.813565015793,0.299945116043091,1,0.329997062683105,"2020-03-06",1320,1,"NoBlink","No Blink","Predictive","Predictive Cue","Valid",1,1,329.997062683105
"eb3",1,0,"c",1,141,0.454,0,0,0.9,0,450.653654098511,452.443624973297,0.269973993301392,1,0.369976997375488,"2020-03-06",1320,1,"NoBlink","No Blink","Predictive","Predictive Cue","Invalid",-1,1,369.976997375488
"eb3",1,0,"c",1,142,0.431,1,1,0.9,0,453.283576011658,455.083502054214,0.300006151199341,1,0.339996099472046,"2020-03-06",1320,1,"NoBlink","No Blink","Predictive","Predictive Cue","Valid",1,1,339.996099472046
"eb3",1,0,"c",1,144,0.448,1,1,0.9,0,458.333783149719,460.053563117981,0.140072107315063,1,0.310003995895386,"2020-03-06",1320,1,"NoBlink","No Blink","Predictive","Predictive Cue","Valid",1,1,310.003995895386
"eb3",1,0,"c",1,145,0.373,0,1,0.9,0,460.893651008606,462.603659152985,0.270018100738525,1,0.319952011108398,"2020-03-06",1320,1,"NoBlink","No Blink","Predictive","Predictive Cue","Valid",1,1,319.952011108398
"eb3",1,0,"c",1,147,0.366,0,0,0.9,0,466.423608064651,468.113605976105,0,1,0.319958925247192,"2020-03-06",1320,1,"NoBlink","No Blink","Predictive","Predictive Cue","Invalid",-1,1,319.958925247192
"eb3",1,0,"c",1,148,0.381,1,1,0.9,0,468.953684091568,470.593636989594,0.119971990585327,1,0.259974956512451,"2020-03-06",1320,1,"NoBlink","No Blink","Predictive","Predictive Cue","Valid",1,1,259.974956512451
"eb3",1,0,"c",1,149,0.492,0,1,0.9,0,471.433746099472,473.173609972,0.00999999046325684,1,0.259958028793335,"2020-03-06",1320,1,"NoBlink","No Blink","Predictive","Predictive Cue","Valid",1,1,259.958028793335
"eb3",1,0,"c",1,150,0.352,1,1,0.9,0,474.013721942902,475.68360710144,0.259787082672119,1,0.320014953613281,"2020-03-06",1320,1,"NoBlink","No Blink","Predictive","Predictive Cue","Valid",1,1,320.014953613281
"eb3",1,0,"c",1,151,0.333,1,1,0.9,0,476.52364897728,478.293678998947,0.140024900436401,1,0.389956951141357,"2020-03-06",1320,1,"NoBlink","No Blink","Predictive","Predictive Cue","Valid",1,1,389.956951141357
"eb3",1,0,"c",1,152,0.376,0,1,0.9,0,479.133723020554,480.753705978394,0,1,0.260017156600952,"2020-03-06",1320,1,"NoBlink","No Blink","Predictive","Predictive Cue","Valid",1,1,260.017156600952
"eb3",1,0,"c",1,153,0.326,0,1,0.9,0,481.593783140182,483.21369099617,0.179987192153931,1,0.279875040054321,"2020-03-06",1320,1,"NoBlink","No Blink","Predictive","Predictive Cue","Valid",1,1,279.875040054321
"eb3",1,0,"c",1,154,0.313,0,1,0.9,0,484.053698062897,485.683661937714,0.170062065124512,1,0.320015907287598,"2020-03-06",1320,1,"NoBlink","No Blink","Predictive","Predictive Cue","Valid",1,1,320.015907287598
"eb3",1,0,"c",1,155,0.489,0,1,0.9,0,486.523724079132,488.323786020279,0,1,0.300055027008057,"2020-03-06",1320,1,"NoBlink","No Blink","Predictive","Predictive Cue","Valid",1,1,300.055027008057
"eb3",1,0,"c",1,156,0.414,0,0,0.9,0,489.163805961609,490.913743972778,0.0100560188293457,1,0.339982032775879,"2020-03-06",1320,1,"NoBlink","No Blink","Predictive","Predictive Cue","Invalid",-1,1,339.982032775879
"eb3",1,0,"c",1,157,0.418,1,1,0.9,0,491.733735084534,493.453783988953,0,1,0.329836845397949,"2020-03-06",1320,1,"NoBlink","No Blink","Predictive","Predictive Cue","Valid",1,1,329.836845397949
"eb3",1,0,"c",1,158,0.43,1,0,0.9,0,494.293833017349,496.523795127869,0.0599980354309082,1,0.379958868026733,"2020-03-06",1320,1,"NoBlink","No Blink","Predictive","Predictive Cue","Invalid",-1,1,379.958868026733
"eb3",1,0,"c",1,159,0.348,1,1,0.9,0,497.363743066788,499.053725004196,0.390045881271362,1,0.360160112380981,"2020-03-06",1320,1,"NoBlink","No Blink","Predictive","Predictive Cue","Valid",1,1,360.160112380981
"eb3",1,0,"c",1,160,0.407,1,1,0.9,0,499.893772125244,501.653725147247,0,1,0.370013952255249,"2020-03-06",1320,1,"NoBlink","No Blink","Predictive","Predictive Cue","Valid",1,1,370.013952255249
"eb3",1,0,"c",2,1,0.362,0,1,0.3,0,37.00871301,38.34875584,0,1,0.389956951,"2020-03-06",1350,2,"NoBlink","No Blink","Predictive","Predictive Cue","Valid",1,1,389.956951
"eb3",1,0,"c",2,3,0.36,0,1,0.3,0,41.44873786,42.62877107,0.209975004,1,0.310023069,"2020-03-06",1350,2,"NoBlink","No Blink","Predictive","Predictive Cue","Valid",1,1,310.023069
"eb3",1,0,"c",2,4,0.403,1,1,0.3,0,43.468786,44.78875995,0.280031204,1,0.289964914,"2020-03-06",1350,2,"NoBlink","No Blink","Predictive","Predictive Cue","Valid",1,1,289.964914
"eb3",1,0,"c",2,5,0.369,1,1,0.3,0,45.62884092,46.84878588,0.279873848,1,0.330183029,"2020-03-06",1350,2,"NoBlink","No Blink","Predictive","Predictive Cue","Valid",1,1,330.183029
"eb3",1,0,"c",2,6,0.324,0,1,0.3,0,47.68884206,48.73881006,0.240002155,1,0.289963961,"2020-03-06",1350,2,"NoBlink","No Blink","Predictive","Predictive Cue","Valid",1,1,289.963961
"eb3",1,0,"c",2,7,0.442,1,0,0.3,0,49.57880497,50.80882287,0.189993858,1,0.339936018,"2020-03-06",1350,2,"NoBlink","No Blink","Predictive","Predictive Cue","Invalid",-1,1,339.936018
"eb3",1,0,"c",2,8,0.385,1,1,0.3,0,51.64882994,52.79876494,0.269911051,1,0.290034056,"2020-03-06",1350,2,"NoBlink","No Blink","Predictive","Predictive Cue","Valid",1,1,290.034056
"eb3",1,0,"c",2,9,0.303,0,1,0.3,0,53.63885283,54.67877197,0.250000954,1,0.299922943,"2020-03-06",1350,2,"NoBlink","No Blink","Predictive","Predictive Cue","Valid",1,1,299.922943
"eb3",1,0,"c",2,10,0.499,0,1,0.3,0,55.51881099,56.76880193,0.279999971,1,0.280016899,"2020-03-06",1350,2,"NoBlink","No Blink","Predictive","Predictive Cue","Valid",1,1,280.016899
"eb3",1,0,"c",2,11,0.48,1,1,0.3,0,57.6088469,58.84882092,0,1,0.269999027,"2020-03-06",1350,2,"NoBlink","No Blink","Predictive","Predictive Cue","Valid",1,1,269.999027
"eb3",1,0,"c",2,12,0.393,1,1,0.3,0,59.68888688,60.89890003,0,1,0.339954853,"2020-03-06",1350,2,"NoBlink","No Blink","Predictive","Predictive Cue","Valid",1,1,339.954853
"eb3",1,0,"c",2,13,0.377,0,0,0.3,0,61.73885393,62.86886001,0.269983053,1,0.339998007,"2020-03-06",1350,2,"NoBlink","No Blink","Predictive","Predictive Cue","Invalid",-1,1,339.998007
"eb3",1,0,"c",2,14,0.304,1,0,0.3,0,63.70886683,64.83885503,0.280001879,1,0.400047064,"2020-03-06",1350,2,"NoBlink","No Blink","Predictive","Predictive Cue","Invalid",-1,1,400.047064
"eb3",1,0,"c",2,15,0.48,0,1,0.3,0,65.67888403,66.87887001,0.279999018,1,0.290017843,"2020-03-06",1350,2,"NoBlink","No Blink","Predictive","Predictive Cue","Valid",1,1,290.017843
"eb3",1,0,"c",2,16,0.448,1,1,0.3,0,67.71900892,68.94890594,0,1,0.339990854,"2020-03-06",1350,2,"NoBlink","No Blink","Predictive","Predictive Cue","Valid",1,1,339.990854
"eb3",1,0,"c",2,17,0.436,0,0,0.3,0,69.78898096,70.95896888,0,1,0.339981079,"2020-03-06",1350,2,"NoBlink","No Blink","Predictive","Predictive Cue","Invalid",-1,1,339.981079
"eb3",1,0,"c",2,18,0.472,0,1,0.3,0,71.77901101,73.06902599,0,1,0.309967041,"2020-03-06",1350,2,"NoBlink","No Blink","Predictive","Predictive Cue","Valid",1,1,309.967041
"eb3",1,0,"c",2,19,0.488,1,1,0.3,0,73.908988,75.10898399,0.260045052,1,0.309991121,"2020-03-06",1350,2,"NoBlink","No Blink","Predictive","Predictive Cue","Valid",1,1,309.991121
"eb3",1,0,"c",2,20,0.3,1,1,0.3,0,75.94903398,77.31904697,0,1,0.479983091,"2020-03-06",1350,2,"NoBlink","No Blink","Predictive","Predictive Cue","Valid",1,1,479.983091
"eb3",1,0,"c",2,21,0.347,1,1,0.3,0,78.15906787,79.35901594,0,1,0.360008955,"2020-03-06",1350,2,"NoBlink","No Blink","Predictive","Predictive Cue","Valid",1,1,360.008955
"eb3",1,0,"c",2,22,0.465,1,0,0.3,0,80.19908905,81.49903488,0.270044088,1,0.340122938,"2020-03-06",1350,2,"NoBlink","No Blink","Predictive","Predictive Cue","Invalid",-1,1,340.122938
"eb3",1,0,"c",2,23,0.48,0,1,0.3,0,82.33916783,83.55908489,0.259974957,1,0.279975176,"2020-03-06",1350,2,"NoBlink","No Blink","Predictive","Predictive Cue","Valid",1,1,279.975176
"eb3",1,0,"c",2,24,0.418,0,1,0.3,0,84.39917207,85.53904486,0.249974966,1,0.30001092,"2020-03-06",1350,2,"NoBlink","No Blink","Predictive","Predictive Cue","Valid",1,1,300.01092
"eb3",1,0,"c",2,25,0.309,0,1,0.3,0,86.37907696,87.46908593,0,1,0.319982052,"2020-03-06",1350,2,"NoBlink","No Blink","Predictive","Predictive Cue","Valid",1,1,319.982052
"eb3",1,0,"c",2,26,0.467,0,1,0.3,0,88.30910897,89.44910097,0.220015049,1,0.249977112,"2020-03-06",1350,2,"NoBlink","No Blink","Predictive","Predictive Cue","Valid",1,1,249.977112
"eb3",1,0,"c",2,27,0.487,1,0,0.3,0,90.28912807,91.65912104,0.269963026,1,0.369997025,"2020-03-06",1350,2,"NoBlink","No Blink","Predictive","Predictive Cue","Invalid",-1,1,369.997025
"eb3",1,0,"c",2,28,0.358,0,0,0.3,0,92.49910688,93.57909799,0,1,0.310090065,"2020-03-06",1350,2,"NoBlink","No Blink","Predictive","Predictive Cue","Invalid",-1,1,310.090065
"eb3",1,0,"c",2,29,0.498,1,1,0.3,0,94.419168,95.58913088,0.16002512,1,0.269979954,"2020-03-06",1350,2,"NoBlink","No Blink","Predictive","Predictive Cue","Valid",1,1,269.979954
"eb3",1,0,"c",2,30,0.3,1,1,0.3,0,96.42924094,97.52917385,0,1,0.339966059,"2020-03-06",1350,2,"NoBlink","No Blink","Predictive","Predictive Cue","Valid",1,1,339.966059
"eb3",1,0,"c",2,31,0.323,1,1,0.3,0,98.36922288,99.4291749,0.28999114,1,0.270006895,"2020-03-06",1350,2,"NoBlink","No Blink","Predictive","Predictive Cue","Valid",1,1,270.006895
"eb3",1,0,"c",2,32,0.376,0,1,0.3,0,100.249244,101.35917,0.260021925,1,0.269950867,"2020-03-06",1350,2,"NoBlink","No Blink","Predictive","Predictive Cue","Valid",1,1,269.950867
"eb3",1,0,"c",2,33,0.479,0,1,0.3,0,102.1992579,103.419157,0.289964914,1,0.279990911,"2020-03-06",1350,2,"NoBlink","No Blink","Predictive","Predictive Cue","Valid",1,1,279.990911
"eb3",1,0,"c",2,34,0.391,1,1,0.3,0,104.2592449,105.359215,0,1,0.279979944,"2020-03-06",1350,2,"NoBlink","No Blink","Predictive","Predictive Cue","Valid",1,1,279.979944
"eb3",1,0,"c",2,35,0.367,1,0,0.3,0,106.1792629,107.45927,0,1,0.379994869,"2020-03-06",1350,2,"NoBlink","No Blink","Predictive","Predictive Cue","Invalid",-1,1,379.994869
"eb3",1,0,"c",2,36,0.395,1,1,0.3,0,108.2992179,109.4592431,0,1,0.310003996,"2020-03-06",1350,2,"NoBlink","No Blink","Predictive","Predictive Cue","Valid",1,1,310.003996
"eb3",1,0,"c",2,37,0.373,0,0,0.3,0,110.2993019,111.4591949,0,1,0.330029964,"2020-03-06",1350,2,"NoBlink","No Blink","Predictive","Predictive Cue","Invalid",-1,1,330.029964
"eb3",1,0,"c",2,38,0.394,0,1,0.3,0,112.2792399,113.55933,0,1,0.370018959,"2020-03-06",1350,2,"NoBlink","No Blink","Predictive","Predictive Cue","Valid",1,1,370.018959
"eb3",1,0,"c",2,39,0.413,0,1,0.3,0,114.3993399,115.5493059,0,1,0.300035,"2020-03-06",1350,2,"NoBlink","No Blink","Predictive","Predictive Cue","Valid",1,1,300.035
"eb3",1,0,"c",2,40,0.337,1,1,0.3,0,116.389339,117.47932,0,1,0.310000896,"2020-03-06",1350,2,"NoBlink","No Blink","Predictive","Predictive Cue","Valid",1,1,310.000896
"eb3",1,0,"c",2,41,0.338,1,1,0.3,0,118.319356,119.4392939,0,1,0.309993029,"2020-03-06",1350,2,"NoBlink","No Blink","Predictive","Predictive Cue","Valid",1,1,309.993029
"eb3",1,0,"c",2,42,0.353,1,1,0.3,0,120.279398,121.499351,0,1,0.320028067,"2020-03-06",1350,2,"NoBlink","No Blink","Predictive","Predictive Cue","Valid",1,1,320.028067
"eb3",1,0,"c",2,43,0.36,0,1,0.3,0,122.3193939,123.4093618,0,1,0.270000935,"2020-03-06",1350,2,"NoBlink","No Blink","Predictive","Predictive Cue","Valid",1,1,270.000935
"eb3",1,0,"c",2,44,0.38,0,1,0.3,0,124.2294118,125.369359,0,1,0.330063105,"2020-03-06",1350,2,"NoBlink","No Blink","Predictive","Predictive Cue","Valid",1,1,330.063105
"eb3",1,0,"c",2,45,0.398,1,0,0.3,0,126.209424,127.4094009,0,1,0.35996604,"2020-03-06",1350,2,"NoBlink","No Blink","Predictive","Predictive Cue","Invalid",-1,1,359.96604
"eb3",1,0,"c",2,46,0.463,0,0,0.3,0,128.249454,129.4493859,0.269978046,1,0.330014944,"2020-03-06",1350,2,"NoBlink","No Blink","Predictive","Predictive Cue","Invalid",-1,1,330.014944
"eb3",1,0,"c",2,47,0.411,1,1,0.3,0,130.2894568,131.4394341,0.260005951,1,0.340021849,"2020-03-06",1350,2,"NoBlink","No Blink","Predictive","Predictive Cue","Valid",1,1,340.021849
"eb3",1,0,"c",2,48,0.454,0,1,0.3,0,132.2794769,133.409425,0.259998798,1,0.239998102,"2020-03-06",1350,2,"NoBlink","No Blink","Predictive","Predictive Cue","Valid",1,1,239.998102
"eb3",1,0,"c",2,49,0.448,1,1,0.3,0,134.2495039,135.3394079,0.270018101,1,0.229977131,"2020-03-06",1350,2,"NoBlink","No Blink","Predictive","Predictive Cue","Valid",1,1,229.977131
"eb3",1,0,"c",2,50,0.324,1,1,0.3,0,136.1794879,137.24946,0.279978991,1,0.370047092,"2020-03-06",1350,2,"NoBlink","No Blink","Predictive","Predictive Cue","Valid",1,1,370.047092
"eb3",1,0,"c",2,51,0.301,0,1,0.3,0,138.0895178,139.0694389,0.279957056,1,0.250006914,"2020-03-06",1350,2,"NoBlink","No Blink","Predictive","Predictive Cue","Valid",1,1,250.006914
"eb3",1,0,"c",2,52,0.307,0,1,0.3,0,139.9095049,140.9094849,0.220165014,1,0.259823084,"2020-03-06",1350,2,"NoBlink","No Blink","Predictive","Predictive Cue","Valid",1,1,259.823084
"eb3",1,0,"c",2,54,0.482,1,1,0.3,0,143.859611,145.0295539,0.290020943,1,0.259993792,"2020-03-06",1350,2,"NoBlink","No Blink","Predictive","Predictive Cue","Valid",1,1,259.993792
"eb3",1,0,"c",2,55,0.497,0,0,0.3,0,145.8496308,147.0995739,0,1,0.339955091,"2020-03-06",1350,2,"NoBlink","No Blink","Predictive","Predictive Cue","Invalid",-1,1,339.955091
"eb3",1,0,"c",2,56,0.345,0,1,0.3,0,147.9396539,148.979583,0.270025969,1,0.279998064,"2020-03-06",1350,2,"NoBlink","No Blink","Predictive","Predictive Cue","Valid",1,1,279.998064
"eb3",1,0,"c",2,57,0.383,0,1,0.3,0,149.8196919,150.929606,0,1,0.319951057,"2020-03-06",1350,2,"NoBlink","No Blink","Predictive","Predictive Cue","Valid",1,1,319.951057
"eb3",1,0,"c",2,58,0.398,0,1,0.3,0,151.769635,152.9296238,0,1,0.289981842,"2020-03-06",1350,2,"NoBlink","No Blink","Predictive","Predictive Cue","Valid",1,1,289.981842
"eb3",1,0,"c",2,59,0.434,1,0,0.3,0,153.7696919,154.9696,0,1,0.359891176,"2020-03-06",1350,2,"NoBlink","No Blink","Predictive","Predictive Cue","Invalid",-1,1,359.891176
"eb3",1,0,"c",2,60,0.426,1,1,0.3,0,155.809618,156.9195979,0.270035982,1,0.269999981,"2020-03-06",1350,2,"NoBlink","No Blink","Predictive","Predictive Cue","Valid",1,1,269.999981
"eb3",1,0,"c",2,61,0.314,1,1,0.3,0,157.7596669,158.8198299,0,1,0.31998992,"2020-03-06",1350,2,"NoBlink","No Blink","Predictive","Predictive Cue","Valid",1,1,319.98992
"eb3",1,0,"c",2,62,0.468,0,1,0.3,0,159.659734,160.839699,0,1,0.28990221,"2020-03-06",1350,2,"NoBlink","No Blink","Predictive","Predictive Cue","Valid",1,1,289.90221
"eb3",1,0,"c",2,63,0.33,0,0,0.3,0,161.679775,162.7696469,0,1,0.339930058,"2020-03-06",1350,2,"NoBlink","No Blink","Predictive","Predictive Cue","Invalid",-1,1,339.930058
"eb3",1,0,"c",2,64,0.328,1,1,0.3,0,163.609735,164.789782,0,1,0.310003996,"2020-03-06",1350,2,"NoBlink","No Blink","Predictive","Predictive Cue","Valid",1,1,310.003996
"eb3",1,0,"c",2,65,0.45,0,0,0.3,0,165.6297679,166.859767,0,1,0.350006104,"2020-03-06",1350,2,"NoBlink","No Blink","Predictive","Predictive Cue","Invalid",-1,1,350.006104
"eb3",1,0,"c",2,66,0.475,1,1,0.3,0,167.6998088,168.939786,0,1,0.310065031,"2020-03-06",1350,2,"NoBlink","No Blink","Predictive","Predictive Cue","Valid",1,1,310.065031
"eb3",1,0,"c",2,67,0.365,1,0,0.3,0,169.779779,171.10975,0,1,0.420001984,"2020-03-06",1350,2,"NoBlink","No Blink","Predictive","Predictive Cue","Invalid",-1,1,420.001984
"eb3",1,0,"c",2,68,0.399,0,1,0.3,0,171.9297879,173.0697839,0,1,0.319926977,"2020-03-06",1350,2,"NoBlink","No Blink","Predictive","Predictive Cue","Valid",1,1,319.926977
"eb3",1,0,"c",2,69,0.389,0,1,0.3,0,173.9098039,174.9798141,0,1,0.270088911,"2020-03-06",1350,2,"NoBlink","No Blink","Predictive","Predictive Cue","Valid",1,1,270.088911
"eb3",1,0,"c",2,70,0.352,1,1,0.3,0,175.8198729,176.859818,0.209985018,1,0.290033102,"2020-03-06",1350,2,"NoBlink","No Blink","Predictive","Predictive Cue","Valid",1,1,290.033102
"eb3",1,0,"c",2,71,0.302,0,1,0.3,0,177.6998649,178.629864,0.260039091,1,0.209982872,"2020-03-06",1350,2,"NoBlink","No Blink","Predictive","Predictive Cue","Valid",1,1,209.982872
"eb3",1,0,"c",2,73,0.47,0,1,0.3,0,181.5298889,182.6899219,0,1,0.249977112,"2020-03-06",1350,2,"NoBlink","No Blink","Predictive","Predictive Cue","Valid",1,1,249.977112
"eb3",1,0,"c",2,74,0.478,1,1,0.3,0,183.529954,184.6999259,0,1,0.269992113,"2020-03-06",1350,2,"NoBlink","No Blink","Predictive","Predictive Cue","Valid",1,1,269.992113
"eb3",1,0,"c",2,75,0.35,1,0,0.3,0,185.539963,186.649941,0,1,0.35999608,"2020-03-06",1350,2,"NoBlink","No Blink","Predictive","Predictive Cue","Invalid",-1,1,359.99608
"eb3",1,0,"c",2,76,0.497,1,1,0.3,0,187.4899809,188.6899459,0.269977093,1,0.299980879,"2020-03-06",1350,2,"NoBlink","No Blink","Predictive","Predictive Cue","Valid",1,1,299.980879
"eb3",1,0,"c",2,77,0.359,1,1,0.3,0,189.529985,190.5799649,0,1,0.280018091,"2020-03-06",1350,2,"NoBlink","No Blink","Predictive","Predictive Cue","Valid",1,1,280.018091
"eb3",1,0,"c",2,78,0.414,0,1,0.3,0,191.4200239,192.550041,0,1,0.289908886,"2020-03-06",1350,2,"NoBlink","No Blink","Predictive","Predictive Cue","Valid",1,1,289.908886
"eb3",1,0,"c",2,79,0.442,0,1,0.3,0,193.390033,194.700026,0,1,0.409967899,"2020-03-06",1350,2,"NoBlink","No Blink","Predictive","Predictive Cue","Valid",1,1,409.967899
"eb3",1,0,"c",2,80,0.396,0,0,0.3,0,195.520066,196.6600389,0,1,0.34987402,"2020-03-06",1350,2,"NoBlink","No Blink","Predictive","Predictive Cue","Invalid",-1,1,349.87402
"eb3",1,0,"v",1,1,0.453,0,1,0.6,0,104.21578502655,106.625704050064,0,1,0.570168018341064,"2020-03-06",1340,1,"Prompted","Prompted Blink","Predictive","Predictive Cue","Valid",1,1,570.168018341064
"eb3",1,0,"v",1,3,0.409,1,1,0.6,0,110.375613927841,112.035625934601,0,1,0.299993991851807,"2020-03-06",1340,1,"Prompted","Prompted Blink","Predictive","Predictive Cue","Valid",1,1,299.993991851807
"eb3",1,0,"v",1,4,0.481,0,0,0.6,0,112.875561952591,114.635586023331,0,1,0.319952964782715,"2020-03-06",1340,1,"Prompted","Prompted Blink","Predictive","Predictive Cue","Invalid",-1,1,319.952964782715
"eb3",1,0,"v",1,5,0.37,1,0,0.6,0,115.475579023361,117.115530014038,0,1,0.339925050735474,"2020-03-06",1340,1,"Prompted","Prompted Blink","Predictive","Predictive Cue","Invalid",-1,1,339.925050735474
"eb3",1,0,"v",1,6,0.396,1,1,0.6,0,117.955528020859,119.555506944656,0,1,0.299997806549072,"2020-03-06",1340,1,"Prompted","Prompted Blink","Predictive","Predictive Cue","Valid",1,1,299.997806549072
"eb3",1,0,"v",1,7,0.47,0,1,0.6,0,120.395498037338,121.965436935425,0,1,0.270004987716675,"2020-03-06",1340,1,"Prompted","Prompted Blink","Predictive","Predictive Cue","Valid",1,1,270.004987716675
"eb3",1,0,"v",1,8,0.412,0,1,0.6,0,122.805461883545,124.555355072021,0,1,0.439954996109009,"2020-03-06",1340,1,"Prompted","Prompted Blink","Predictive","Predictive Cue","Valid",1,1,439.954996109009
"eb3",1,0,"v",1,9,0.352,0,1,0.6,0,125.395355939865,126.765287876129,0,1,0.289975166320801,"2020-03-06",1340,1,"Prompted","Prompted Blink","Predictive","Predictive Cue","Valid",1,1,289.975166320801
"eb3",1,0,"v",1,10,0.482,0,1,0.6,0,127.605392932892,129.045360088348,0,1,0.250010013580322,"2020-03-06",1340,1,"Prompted","Prompted Blink","Predictive","Predictive Cue","Valid",1,1,250.010013580322
"eb3",1,0,"v",1,11,0.337,1,1,0.6,0,129.885344982147,131.755292892456,0,1,0.349962949752808,"2020-03-06",1340,1,"Prompted","Prompted Blink","Predictive","Predictive Cue","Valid",1,1,349.962949752808
"eb3",1,0,"v",1,12,0.33,0,1,0.6,0,132.595306873322,134.135312080383,0,1,0.269966125488281,"2020-03-06",1340,1,"Prompted","Prompted Blink","Predictive","Predictive Cue","Valid",1,1,269.966125488281
"eb3",1,0,"v",1,13,0.479,1,1,0.6,0,134.975305080414,136.515188932419,0,1,0.30022406578064,"2020-03-06",1340,1,"Prompted","Prompted Blink","Predictive","Predictive Cue","Valid",1,1,300.22406578064
"eb3",1,0,"v",1,14,0.49,1,1,0.6,0,137.355231046677,139.035233974457,0,1,0.249973058700562,"2020-03-06",1340,1,"Prompted","Prompted Blink","Predictive","Predictive Cue","Valid",1,1,249.973058700562
"eb3",1,0,"v",1,15,0.302,0,0,0.6,0,139.875247955322,156.724957942963,0,1,0.339982032775879,"2020-03-06",1340,1,"Prompted","Prompted Blink","Predictive","Predictive Cue","Invalid",-1,1,339.982032775879
"eb3",1,0,"v",1,16,0.482,1,0,0.6,0,157.564992904663,159.354916095734,0,1,0.329967021942139,"2020-03-06",1340,1,"Prompted","Prompted Blink","Predictive","Predictive Cue","Invalid",-1,1,329.967021942139
"eb3",1,0,"v",1,17,0.446,1,1,0.6,0,160.174866914749,161.784899950027,0,1,0.279981136322021,"2020-03-06",1340,1,"Prompted","Prompted Blink","Predictive","Predictive Cue","Valid",1,1,279.981136322021
"eb3",1,0,"v",1,19,0.496,0,0,0.6,0,164.94482088089,166.514772891998,0,1,0.310013055801392,"2020-03-06",1340,1,"Prompted","Prompted Blink","Predictive","Predictive Cue","Invalid",-1,1,310.013055801392
"eb3",1,0,"v",1,20,0.348,1,0,0.6,0,167.35480594635,168.774785995483,0,1,0.330010890960693,"2020-03-06",1340,1,"Prompted","Prompted Blink","Predictive","Predictive Cue","Invalid",-1,1,330.010890960693
"eb3",1,0,"v",1,21,0.343,1,1,0.6,0,169.614779949188,170.9846971035,0,1,0.249990224838257,"2020-03-06",1340,1,"Prompted","Prompted Blink","Predictive","Predictive Cue","Valid",1,1,249.990224838257
"eb3",1,0,"v",1,22,0.416,1,1,0.6,0,171.824752092361,173.194705963135,0,1,0.249963998794556,"2020-03-06",1340,1,"Prompted","Prompted Blink","Predictive","Predictive Cue","Valid",1,1,249.963998794556
"eb3",1,0,"v",1,23,0.376,0,1,0.6,0,174.034729003906,175.414700031281,0,1,0.279937028884888,"2020-03-06",1340,1,"Prompted","Prompted Blink","Predictive","Predictive Cue","Valid",1,1,279.937028884888
"eb3",1,0,"v",1,24,0.447,0,1,0.6,0,176.254677057266,177.744603872299,0,1,0.289991855621338,"2020-03-06",1340,1,"Prompted","Prompted Blink","Predictive","Predictive Cue","Valid",1,1,289.991855621338
"eb3",1,0,"v",1,25,0.367,0,1,0.6,0,178.584630012512,180.22461104393,0,1,0.329988956451416,"2020-03-06",1340,1,"Prompted","Prompted Blink","Predictive","Predictive Cue","Valid",1,1,329.988956451416
"eb3",1,0,"v",1,26,0.373,1,1,0.6,0,181.064613103867,182.504558086395,0,1,0.30998706817627,"2020-03-06",1340,1,"Prompted","Prompted Blink","Predictive","Predictive Cue","Valid",1,1,309.98706817627
"eb3",1,0,"v",1,27,0.322,1,1,0.6,0,183.344605922699,184.684521913528,0,1,0.249958038330078,"2020-03-06",1340,1,"Prompted","Prompted Blink","Predictive","Predictive Cue","Valid",1,1,249.958038330078
"eb3",1,0,"v",1,28,0.339,0,0,0.6,0,185.524626016617,186.924506902695,0,1,0.329981088638306,"2020-03-06",1340,1,"Prompted","Prompted Blink","Predictive","Predictive Cue","Invalid",-1,1,329.981088638306
"eb3",1,0,"v",1,29,0.409,1,1,0.6,0,187.764530897141,189.194458961487,0,1,0.26997709274292,"2020-03-06",1340,1,"Prompted","Prompted Blink","Predictive","Predictive Cue","Valid",1,1,269.97709274292
"eb3",1,0,"v",1,30,0.346,0,1,0.6,0,190.034444093704,191.394499063492,0,1,0.270035028457642,"2020-03-06",1340,1,"Prompted","Prompted Blink","Predictive","Predictive Cue","Valid",1,1,270.035028457642
"eb3",1,0,"v",1,31,0.464,1,0,0.6,0,192.234464883804,193.77442908287,0,1,0.310002088546753,"2020-03-06",1340,1,"Prompted","Prompted Blink","Predictive","Predictive Cue","Invalid",-1,1,310.002088546753
"eb3",1,0,"v",1,32,0.349,0,1,0.6,0,194.614424943924,195.994400978088,0,1,0.299958944320679,"2020-03-06",1340,1,"Prompted","Prompted Blink","Predictive","Predictive Cue","Valid",1,1,299.958944320679
"eb3",1,0,"v",1,33,0.486,0,1,0.6,0,196.83442902565,198.324347019196,0,1,0.279999971389771,"2020-03-06",1340,1,"Prompted","Prompted Blink","Predictive","Predictive Cue","Valid",1,1,279.999971389771
"eb3",1,0,"v",1,34,0.361,0,0,0.6,0,199.164402008057,200.624293088913,0,1,0.309912919998169,"2020-03-06",1340,1,"Prompted","Prompted Blink","Predictive","Predictive Cue","Invalid",-1,1,309.912919998169
"eb3",1,0,"v",1,35,0.491,1,0,0.6,0,201.464377880096,203.014232873917,0,1,0.359981060028076,"2020-03-06",1340,1,"Prompted","Prompted Blink","Predictive","Predictive Cue","Invalid",-1,1,359.981060028076
"eb3",1,0,"v",1,36,0.337,1,1,0.6,0,203.854292869568,205.254230976105,0,1,0.320003032684326,"2020-03-06",1340,1,"Prompted","Prompted Blink","Predictive","Predictive Cue","Valid",1,1,320.003032684326
"eb3",1,0,"v",1,37,0.349,0,1,0.6,0,206.09429192543,207.4742000103,0,1,0.270035982131958,"2020-03-06",1340,1,"Prompted","Prompted Blink","Predictive","Predictive Cue","Valid",1,1,270.035982131958
"eb3",1,0,"v",1,38,0.352,1,1,0.6,0,208.314245939255,209.834274053574,0,1,0.310026168823242,"2020-03-06",1340,1,"Prompted","Prompted Blink","Predictive","Predictive Cue","Valid",1,1,310.026168823242
"eb3",1,0,"v",1,39,0.453,0,1,0.6,0,210.674278020859,212.15417599678,0,1,0.319953918457031,"2020-03-06",1340,1,"Prompted","Prompted Blink","Predictive","Predictive Cue","Valid",1,1,319.953918457031
"eb3",1,0,"v",1,40,0.386,1,1,0.6,0,212.994231939316,214.434184074402,0,1,0.30000114440918,"2020-03-06",1340,1,"Prompted","Prompted Blink","Predictive","Predictive Cue","Valid",1,1,300.00114440918
"eb3",1,0,"v",1,42,0.389,0,1,0.6,0,217.364247083664,218.804122924805,0,1,0.350020885467529,"2020-03-06",1340,1,"Prompted","Prompted Blink","Predictive","Predictive Cue","Valid",1,1,350.020885467529
"eb3",1,0,"v",1,43,0.37,0,1,0.6,0,219.624173879623,221.024142980576,0,1,0.300007104873657,"2020-03-06",1340,1,"Prompted","Prompted Blink","Predictive","Predictive Cue","Valid",1,1,300.007104873657
"eb3",1,0,"v",1,44,0.431,1,1,0.6,0,221.864124059677,223.27410697937,0,1,0.249967098236084,"2020-03-06",1340,1,"Prompted","Prompted Blink","Predictive","Predictive Cue","Valid",1,1,249.967098236084
"eb3",1,0,"v",1,45,0.397,1,1,0.6,0,224.11413693428,225.474063873291,0,1,0.259840965270996,"2020-03-06",1340,1,"Prompted","Prompted Blink","Predictive","Predictive Cue","Valid",1,1,259.840965270996
"eb3",1,0,"v",1,47,0.334,0,0,0.6,0,228.844024896622,230.174076080322,0,1,0.299954175949097,"2020-03-06",1340,1,"Prompted","Prompted Blink","Predictive","Predictive Cue","Invalid",-1,1,299.954175949097
"eb3",1,0,"v",1,48,0.435,1,0,0.6,0,231.014046907425,232.443990945816,0,1,0.299991130828857,"2020-03-06",1340,1,"Prompted","Prompted Blink","Predictive","Predictive Cue","Invalid",-1,1,299.991130828857
"eb3",1,0,"v",1,49,0.369,1,1,0.6,0,233.284065008163,234.593991041183,0,1,0.260045051574707,"2020-03-06",1340,1,"Prompted","Prompted Blink","Predictive","Predictive Cue","Valid",1,1,260.045051574707
"eb3",1,0,"v",1,50,0.359,0,1,0.6,0,235.434017896652,236.783942937851,0,1,0.240043163299561,"2020-03-06",1340,1,"Prompted","Prompted Blink","Predictive","Predictive Cue","Valid",1,1,240.043163299561
"eb3",1,0,"v",1,51,0.446,1,1,0.6,0,237.623993873596,238.993918895721,0,1,0.23002815246582,"2020-03-06",1340,1,"Prompted","Prompted Blink","Predictive","Predictive Cue","Valid",1,1,230.02815246582
"eb3",1,0,"v",1,55,0.373,1,0,0.6,0,246.343914031982,247.773874998093,0,1,0.349992990493774,"2020-03-06",1340,1,"Prompted","Prompted Blink","Predictive","Predictive Cue","Invalid",-1,1,349.992990493774
"eb3",1,0,"v",1,56,0.387,0,0,0.6,0,248.613909959793,250.083853006363,0,1,0.309985876083374,"2020-03-06",1340,1,"Prompted","Prompted Blink","Predictive","Predictive Cue","Invalid",-1,1,309.985876083374
"eb3",1,0,"v",1,57,0.428,0,1,0.6,0,250.923884868622,252.253788948059,0,1,0.239995002746582,"2020-03-06",1340,1,"Prompted","Prompted Blink","Predictive","Predictive Cue","Valid",1,1,239.995002746582
"eb3",1,0,"v",1,58,0.411,1,1,0.6,0,253.093852043152,254.43385887146,0,1,0.269996166229248,"2020-03-06",1340,1,"Prompted","Prompted Blink","Predictive","Predictive Cue","Valid",1,1,269.996166229248
"eb3",1,0,"v",1,59,0.304,0,0,0.6,0,255.253859996796,256.553759098053,0,1,0.310005187988281,"2020-03-06",1340,1,"Prompted","Prompted Blink","Predictive","Predictive Cue","Invalid",-1,1,310.005187988281
"eb3",1,0,"v",1,60,0.447,0,1,0.6,0,257.393845081329,258.793740987778,0,1,0.269972085952759,"2020-03-06",1340,1,"Prompted","Prompted Blink","Predictive","Predictive Cue","Valid",1,1,269.972085952759
"eb3",1,0,"v",1,61,0.443,1,1,0.6,0,259.63382101059,261.00373005867,0,1,0.230059862136841,"2020-03-06",1340,1,"Prompted","Prompted Blink","Predictive","Predictive Cue","Valid",1,1,230.059862136841
"eb3",1,0,"v",1,62,0.36,1,0,0.6,0,261.843769073486,263.213687896729,0,1,0.350008010864258,"2020-03-06",1340,1,"Prompted","Prompted Blink","Predictive","Predictive Cue","Invalid",-1,1,350.008010864258
"eb3",1,0,"v",1,64,0.437,0,1,0.6,0,266.343771934509,267.683702945709,0,1,0.240026950836182,"2020-03-06",1340,1,"Prompted","Prompted Blink","Predictive","Predictive Cue","Valid",1,1,240.026950836182
"eb3",1,0,"v",1,65,0.386,1,1,0.6,0,268.523694038391,269.823688983917,0,1,0.229980945587158,"2020-03-06",1340,1,"Prompted","Prompted Blink","Predictive","Predictive Cue","Valid",1,1,229.980945587158
"eb3",1,0,"v",1,67,0.454,0,1,0.6,0,272.983695983887,274.393616914749,0,1,0.25004506111145,"2020-03-06",1340,1,"Prompted","Prompted Blink","Predictive","Predictive Cue","Valid",1,1,250.04506111145
"eb3",1,0,"v",1,68,0.383,1,1,0.6,0,275.213679075241,276.523586034775,0,1,0.269994974136353,"2020-03-06",1340,1,"Prompted","Prompted Blink","Predictive","Predictive Cue","Valid",1,1,269.994974136353
"eb3",1,0,"v",1,69,0.347,1,0,0.6,0,277.363667011261,278.7436170578,0,1,0.319952964782715,"2020-03-06",1340,1,"Prompted","Prompted Blink","Predictive","Predictive Cue","Invalid",-1,1,319.952964782715
"eb3",1,0,"v",1,70,0.412,1,1,0.6,0,279.583666086197,280.993582010269,0,1,0.290045976638794,"2020-03-06",1340,1,"Prompted","Prompted Blink","Predictive","Predictive Cue","Valid",1,1,290.045976638794
"eb3",1,0,"v",1,71,0.451,0,1,0.6,0,281.833652019501,283.253592014313,0,1,0.289993047714233,"2020-03-06",1340,1,"Prompted","Prompted Blink","Predictive","Predictive Cue","Valid",1,1,289.993047714233
"eb3",1,0,"v",1,72,0.343,0,1,0.6,0,284.093606948853,285.383620977402,0,1,0.259997129440308,"2020-03-06",1340,1,"Prompted","Prompted Blink","Predictive","Predictive Cue","Valid",1,1,259.997129440308
"eb3",1,0,"v",1,73,0.323,1,1,0.6,0,286.223608970642,287.553601026535,0,1,0.30995512008667,"2020-03-06",1340,1,"Prompted","Prompted Blink","Predictive","Predictive Cue","Valid",1,1,309.95512008667
"eb3",1,0,"v",1,74,0.409,1,0,0.6,0,288.373606920242,289.783545017242,0,1,0.330003976821899,"2020-03-06",1340,1,"Prompted","Prompted Blink","Predictive","Predictive Cue","Invalid",-1,1,330.003976821899
"eb3",1,0,"v",1,75,0.422,0,0,0.6,0,290.623569965363,292.063524007797,0,1,0.329997062683105,"2020-03-06",1340,1,"Prompted","Prompted Blink","Predictive","Predictive Cue","Invalid",-1,1,329.997062683105
"eb3",1,0,"v",1,76,0.328,0,1,0.6,0,292.903594970703,294.173505067825,0,1,0.279944181442261,"2020-03-06",1340,1,"Prompted","Prompted Blink","Predictive","Predictive Cue","Valid",1,1,279.944181442261
"eb3",1,0,"v",1,77,0.424,1,1,0.6,0,295.01352596283,296.403505086899,0,1,0.280016183853149,"2020-03-06",1340,1,"Prompted","Prompted Blink","Predictive","Predictive Cue","Valid",1,1,280.016183853149
"eb3",1,0,"v",1,78,0.388,0,1,0.6,0,297.243529081345,298.593456029892,0,1,0.27997899055481,"2020-03-06",1340,1,"Prompted","Prompted Blink","Predictive","Predictive Cue","Valid",1,1,279.97899055481
"eb3",1,0,"v",1,79,0.331,1,1,0.6,0,299.433501958847,300.743483066559,0,1,0.300013065338135,"2020-03-06",1340,1,"Prompted","Prompted Blink","Predictive","Predictive Cue","Valid",1,1,300.013065338135
"eb3",1,0,"v",1,80,0.494,0,1,0.6,0,301.583527088165,302.963471889496,0,1,0.219962120056152,"2020-03-06",1340,1,"Prompted","Prompted Blink","Predictive","Predictive Cue","Valid",1,1,219.962120056152
