"subj","cue_pred","block","trial","cond","exp_name","cue_delay","targ_right","cue_valid","targ_soa","shutter_dur","trial_start","trial_end","cue_rt","corr_resp","rt.x","block_date","block_time","block_order","Cond","CondFull","CuePred","CuePredFull","CueValid","cue_valid_c","cue_pred_c","RT","trial_sample_beg","trial_time_beg","trial_sample_end","trial_time_end","cue_sample","cue_time","blink_latency_sample","blink_latency_time","blink_window_sample","blink_window_time","targ_sample","targ_time","resp_sample","resp_time","shutter_sample_beg","shutter_time_beg","shutter_sample_end","shutter_time_end","cue_resp_sample","cue_resp_time","tot_trial_samples","tot_trial_time","samples_per_s","blank_sample_beg","blank_sample_end","tot_blank_samples","blank_time_beg","blank_time_end","tot_blank_time","rt.y","nonart","excl_reason"
0,1,1,1,"a","eb3",0.385,0,0,0.6,0.0996886416141676,42.6587269306183,44.1587009429932,0.360033988952637,1,0.330080986022949,"2020-03-06",1432,1,"Artificial","Artificial Blink","Predictive","Predictive Cue","Invalid",-1,1,330.080986022949,4374640,42.66,4376140,44.16,4375021,43.04,4375621,43.64,4375621,43.64,4375621,43.64,4375962,43.98,4375481,43.5,4375381,43.4,4375381,43.4,1500,1.5,1000,4375387,4375483,98,0.747,0.843,0.096,1.32,0,NA
0,1,1,1,"v","eb3",0.453,0,1,0.6,0,104.21578502655,106.625704050064,0,1,0.570168018341064,"2020-03-06",1340,1,"Prompted","Prompted Blink","Predictive","Predictive Cue","Valid",1,1,570.168018341064,1273762,104.22,1276172,106.63,1274212,104.67,1274802,105.26,1274802,105.26,1274802,105.26,1275383,105.84,NA,NA,NA,NA,NA,NA,2410,2.41,1000,1274442,1274514,74,0.68,0.752,0.072,1.62,1,NA
0,1,1,10,"a","eb3",0.416,0,1,0.6,0.114761745411066,62.7186131477356,64.1285779476166,0.309998989105225,1,0.249930143356323,"2020-03-06",1432,1,"Artificial","Artificial Blink","Predictive","Predictive Cue","Valid",1,1,249.930143356323,4394700,62.72,4396110,64.13,4395111,63.13,4395711,63.73,4395711,63.73,4395711,63.73,4395971,63.99,4395541,63.56,4395421,63.44,4395421,63.44,1410,1.41,1000,4395425,4395543,120,0.725,0.843,0.118,1.27,0,NA
0,1,1,10,"v","eb3",0.482,0,1,0.6,0,127.605392932892,129.045360088348,0,1,0.250010013580322,"2020-03-06",1340,1,"Prompted","Prompted Blink","Predictive","Predictive Cue","Valid",1,1,250.010013580322,1297152,127.61,1298592,129.05,1297633,128.09,1298223,128.68,1298223,128.68,1298223,128.68,1298483,128.94,NA,NA,NA,NA,NA,NA,1440,1.44000000000001,999.999999999992,1297852,1297940,90,0.7,0.788,0.088,1.33,1,NA
0,1,1,11,"a","eb3",0.312,1,0,0.6,0.0919451609549255,64.9686081409454,66.2385721206665,0.270004987716675,1,0.260003089904785,"2020-03-06",1432,1,"Artificial","Artificial Blink","Predictive","Predictive Cue","Invalid",-1,1,260.003089904785,4396950,64.97,4398220,66.24,4397261,65.28,4397861,65.88,4397861,65.88,4397861,65.88,4398132,66.15,4397631,65.65,4397531,65.55,4397531,65.55,1270,1.27,1000,4397537,4397633,98,0.587,0.683,0.0960000000000001,1.18000000000001,0,NA
0,1,1,11,"v","eb3",0.337,1,1,0.6,0,129.885344982147,131.755292892456,0,1,0.349962949752808,"2020-03-06",1340,1,"Prompted","Prompted Blink","Predictive","Predictive Cue","Valid",1,1,349.962949752808,1299432,129.89,1301302,131.76,1299763,130.22,1300353,130.81,1300353,130.81,1300353,130.81,1300713,131.17,NA,NA,NA,NA,NA,NA,1870,1.87,999.999999999998,1300090,1300168,80,0.658,0.736,0.078,1.28,1,NA
0,1,1,12,"a","eb3",0.412,0,0,0.6,0.0813597665158261,67.0785820484161,68.5185310840607,0.299938917160034,1,0.329966068267822,"2020-03-06",1432,1,"Artificial","Artificial Blink","Predictive","Predictive Cue","Invalid",-1,1,329.966068267822,4399060,67.08,4400500,68.52,4399471,67.49,4400071,68.09,4400071,68.09,4400071,68.09,4400411,68.43,4399861,67.88,4399771,67.79,4399771,67.79,1440,1.44,1000,4399777,4399863,88,0.717,0.803,0.0860000000000001,1.35000000000001,0,NA
0,1,1,12,"v","eb3",0.33,0,1,0.6,0,132.595306873322,134.135312080383,0,1,0.269966125488281,"2020-03-06",1340,1,"Prompted","Prompted Blink","Predictive","Predictive Cue","Valid",1,1,269.966125488281,1302142,132.6,1303682,134.14,1302463,132.92,1303053,133.51,1303053,133.51,1303053,133.51,1303333,133.79,NA,NA,NA,NA,NA,NA,1540,1.53999999999999,1000.00000000001,1302668,1302758,92,0.526,0.616,0.09,1.19,1,NA
0,1,1,13,"a","eb3",0.457,1,1,0.6,0.0814415726874243,69.3585951328278,70.7485721111298,0.199996948242188,1,0.259990215301514,"2020-03-06",1432,1,"Artificial","Artificial Blink","Predictive","Predictive Cue","Valid",1,1,259.990215301514,4401340,69.36,4402730,70.75,4401791,69.81,4402391,70.41,4402391,70.41,4402391,70.41,4402662,70.68,4402081,70.1,4401991,70.01,4401991,70.01,1390,1.39,1000,4401997,4402083,88,0.657,0.743,0.086,1.32000000000001,0,NA
0,1,1,13,"v","eb3",0.479,1,1,0.6,0,134.975305080414,136.515188932419,0,1,0.30022406578064,"2020-03-06",1340,1,"Prompted","Prompted Blink","Predictive","Predictive Cue","Valid",1,1,300.22406578064,1304522,134.98,1306062,136.52,1304993,135.45,1305582,136.04,1305582,136.04,1305582,136.04,1305893,136.35,NA,NA,NA,NA,NA,NA,1540,1.54000000000002,999.999999999987,1305224,1305334,112,0.702,0.812,0.11,1.37,1,NA
0,1,1,14,"a","eb3",0.469,0,1,0.6,0.114627811575243,71.5885729789734,73.0185370445251,0.279999017715454,1,0.259991884231567,"2020-03-06",1432,1,"Artificial","Artificial Blink","Predictive","Predictive Cue","Valid",1,1,259.991884231567,4403570,71.59,4405000,73.02,4404031,72.05,4404631,72.65,4404631,72.65,4404631,72.65,4404909,72.92,4404431,72.45,4404311,72.33,4404311,72.33,1430,1.42999999999999,1000.00000000001,4404317,4404433,118,0.747,0.863,0.116,1.33,0,NA
0,1,1,14,"v","eb3",0.49,1,1,0.6,0,137.355231046677,139.035233974457,0,1,0.249973058700562,"2020-03-06",1340,1,"Prompted","Prompted Blink","Predictive","Predictive Cue","Valid",1,1,249.973058700562,1306902,137.36,1308582,139.04,1307383,137.84,1307973,138.43,1307973,138.43,1307973,138.43,1308233,138.69,NA,NA,NA,NA,NA,NA,1680,1.67999999999998,1000.00000000001,1307624,1307722,100,0.722,0.82,0.0980000000000001,1.32999999999998,1,NA
0,1,1,15,"a","eb3",0.388,0,1,0.6,0.0718341545254578,73.8585679531097,75.3185670375824,0.34994912147522,1,0.349981069564819,"2020-03-06",1432,1,"Artificial","Artificial Blink","Predictive","Predictive Cue","Valid",1,1,349.981069564819,4405840,73.86,4407300,75.32,4406221,74.24,4406821,74.84,4406821,74.84,4406821,74.84,4407182,75.2,4406651,74.67,4406571,74.59,4406571,74.59,1460,1.45999999999999,1000,4406577,4406653,78,0.737,0.813,0.0760000000000001,1.34,0,NA
0,1,1,15,"v","eb3",0.302,0,0,0.6,0,139.875247955322,156.724957942963,0,1,0.339982032775879,"2020-03-06",1340,1,"Prompted","Prompted Blink","Predictive","Predictive Cue","Invalid",-1,1,339.982032775879,1309422,139.88,1326272,156.72,1309723,140.18,1310313,140.77,1310313,140.77,1310313,140.77,1310663,141.12,NA,NA,NA,NA,NA,NA,16850,16.84,1000.59382422803,1309956,1310048,94,0.534,0.626,0.092,1.24000000000001,1,NA
0,1,1,16,"a","eb3",0.474,1,1,0.6,0.0993829608067354,76.1585850715637,77.5584559440613,0.270001888275146,1,0.220029830932617,"2020-03-06",1432,1,"Artificial","Artificial Blink","Predictive","Predictive Cue","Valid",1,1,220.029830932617,4408140,76.16,4409540,77.56,4408611,76.63,4409211,77.23,4409211,77.23,4409211,77.23,4409442,77.46,4408981,77,4408881,76.9,4408881,76.9,1400,1.40000000000001,999.999999999996,4408887,4408983,98,0.747,0.843,0.096,1.3,0,NA
0,1,1,16,"v","eb3",0.482,1,0,0.6,0,157.564992904663,159.354916095734,0,1,0.329967021942139,"2020-03-06",1340,1,"Prompted","Prompted Blink","Predictive","Predictive Cue","Invalid",-1,1,329.967021942139,1327112,157.56,1328902,159.35,1327593,158.05,1328183,158.64,1328183,158.64,1328183,158.64,1328523,158.98,NA,NA,NA,NA,NA,NA,1790,1.78999999999999,1000,1327764,1327854,92,0.652,0.742,0.09,1.41999999999999,1,NA
0,1,1,17,"a","eb3",0.461,0,1,0.6,0.0978320186732474,78.3985121250153,79.7784831523895,0.150024890899658,1,0.209997892379761,"2020-03-06",1432,1,"Artificial","Artificial Blink","Predictive","Predictive Cue","Valid",1,1,209.997892379761,4410380,78.4,4411760,79.78,4410841,78.86,4411441,79.46,4411441,79.46,4411441,79.46,4411662,79.68,4411091,79.11,4410991,79.01,4410991,79.01,1380,1.38,1000,4410997,4411093,98,0.617,0.713,0.096,1.28,0,NA
0,1,1,17,"v","eb3",0.446,1,1,0.6,0,160.174866914749,161.784899950027,0,1,0.279981136322021,"2020-03-06",1340,1,"Prompted","Prompted Blink","Predictive","Predictive Cue","Valid",1,1,279.981136322021,1329722,160.17,1331332,161.78,1330163,160.62,1330753,161.21,1330753,161.21,1330753,161.21,1331043,161.5,NA,NA,NA,NA,NA,NA,1610,1.61000000000001,999.999999999991,1330422,1330494,74,0.7,0.772,0.072,1.33000000000001,1,NA
0,1,1,18,"a","eb3",0.489,1,1,0.6,0.0758367296252836,80.5984950065613,82.0784571170807,0.290003776550293,1,0.280009031295776,"2020-03-06",1432,1,"Artificial","Artificial Blink","Predictive","Predictive Cue","Valid",1,1,280.009031295776,4412580,80.6,4414060,82.08,4413061,81.08,4413661,81.68,4413661,81.68,4413661,81.68,4413951,81.97,4413431,81.45,4413351,81.37,4413351,81.37,1480,1.48,999.999999999997,4413357,4413433,78,0.777,0.853,0.076,1.37,0,NA
0,1,1,19,"a","eb3",0.424,0,0,0.6,0.0870869609722575,82.9184849262238,84.3885140419006,0.339996814727783,1,0.330070972442627,"2020-03-06",1432,1,"Artificial","Artificial Blink","Predictive","Predictive Cue","Invalid",-1,1,330.070972442627,4414900,82.92,4416370,84.39,4415321,83.34,4415921,83.94,4415921,83.94,4415921,83.94,4416262,84.28,4415751,83.77,4415661,83.68,4415661,83.68,1470,1.47,1000,4415667,4415753,88,0.767,0.853,0.086,1.36,0,NA
0,1,1,19,"v","eb3",0.496,0,0,0.6,0,164.94482088089,166.514772891998,0,1,0.310013055801392,"2020-03-06",1340,1,"Prompted","Prompted Blink","Predictive","Predictive Cue","Invalid",-1,1,310.013055801392,1334492,164.94,1336062,166.51,1334983,165.43,1335573,166.02,1335573,166.02,1335573,166.02,1335893,166.34,NA,NA,NA,NA,NA,NA,1570,1.56999999999999,1000,1335234,1335324,92,0.742,0.832,0.0900000000000001,1.40000000000001,1,NA
0,1,1,2,"a","eb3",0.457,1,1,0.6,0.105664486131519,44.9987030029297,46.4186849594116,0.300038814544678,1,0.250030994415283,"2020-03-06",1432,1,"Artificial","Artificial Blink","Predictive","Predictive Cue","Valid",1,1,250.030994415283,4376980,45,4378400,46.42,4377431,45.45,4378031,46.05,4378031,46.05,4378031,46.05,4378291,46.31,4377841,45.86,4377731,45.75,4377731,45.75,1420,1.42,999.999999999999,4377737,4377843,108,0.757,0.863,0.106,1.31,0,NA
0,1,1,20,"a","eb3",0.423,0,1,0.6,0.084589909499083,85.2285220623016,86.6184821128845,0.330028057098389,1,0.270037889480591,"2020-03-06",1432,1,"Artificial","Artificial Blink","Predictive","Predictive Cue","Valid",1,1,270.037889480591,4417210,85.23,4418600,86.62,4417631,85.65,4418231,86.25,4418231,86.25,4418231,86.25,4418512,86.53,4418051,86.07,4417961,85.98,4417961,85.98,1390,1.39,1000,4417967,4418053,88,0.757,0.843,0.086,1.3,0,NA
0,1,1,20,"v","eb3",0.348,1,0,0.6,0,167.35480594635,168.774785995483,0,1,0.330010890960693,"2020-03-06",1340,1,"Prompted","Prompted Blink","Predictive","Predictive Cue","Invalid",-1,1,330.010890960693,1336902,167.35,1338322,168.77,1337243,167.69,1337833,168.28,1337833,168.28,1337833,168.28,1338173,168.62,NA,NA,NA,NA,NA,NA,1420,1.42000000000002,999.999999999989,1337476,1337578,104,0.574,0.676,0.102,1.27000000000001,1,NA
0,1,1,21,"a","eb3",0.306,1,1,0.6,0.114163908886599,87.4585330486298,88.7384829521179,0.389973163604736,1,0.259990930557251,"2020-03-06",1432,1,"Artificial","Artificial Blink","Predictive","Predictive Cue","Valid",1,1,259.990930557251,4419440,87.46,4420720,88.74,4419741,87.76,4420341,88.36,4420341,88.36,4420341,88.36,4420612,88.63,4420251,88.27,4420131,88.15,4420131,88.15,1280,1.28,999.999999999999,4420137,4420253,118,0.697,0.813,0.116,1.17,0,NA
0,1,1,21,"v","eb3",0.343,1,1,0.6,0,169.614779949188,170.9846971035,0,1,0.249990224838257,"2020-03-06",1340,1,"Prompted","Prompted Blink","Predictive","Predictive Cue","Valid",1,1,249.990224838257,1339162,169.61,1340532,170.98,1339503,169.95,1340093,170.54,1340093,170.54,1340093,170.54,1340353,170.8,NA,NA,NA,NA,NA,NA,1370,1.36999999999998,1000.00000000002,1339856,1339930,76,0.694,0.768,0.074,1.19,1,NA
0,1,1,22,"a","eb3",0.336,1,0,0.6,0.104320613468919,89.5785100460052,90.9484820365906,0.239996194839478,1,0.320034027099609,"2020-03-06",1432,1,"Artificial","Artificial Blink","Predictive","Predictive Cue","Invalid",-1,1,320.034027099609,4421560,89.58,4422930,90.95,4421891,89.91,4422491,90.51,4422491,90.51,4422491,90.51,4422822,90.84,4422241,90.26,4422131,90.15,4422131,90.15,1370,1.37,999.999999999997,4422137,4422243,108,0.577,0.683,0.106,1.26000000000001,0,NA
0,1,1,22,"v","eb3",0.416,1,1,0.6,0,171.824752092361,173.194705963135,0,1,0.249963998794556,"2020-03-06",1340,1,"Prompted","Prompted Blink","Predictive","Predictive Cue","Valid",1,1,249.963998794556,1341372,171.82,1342742,173.19,1341783,172.23,1342373,172.82,1342373,172.82,1342373,172.82,1342633,173.08,NA,NA,NA,NA,NA,NA,1370,1.37,999.999999999997,1342038,1342128,92,0.666,0.756,0.09,1.26000000000002,1,NA
0,1,1,23,"a","eb3",0.417,1,1,0.6,0.0896606917212892,91.7885689735413,93.1784451007843,0.329992055892944,1,0.280010938644409,"2020-03-06",1432,1,"Artificial","Artificial Blink","Predictive","Predictive Cue","Valid",1,1,280.010938644409,4423770,91.79,4425160,93.18,4424181,92.2,4424781,92.8,4424781,92.8,4424781,92.8,4425072,93.09,4424601,92.62,4424511,92.53,4424511,92.53,1390,1.39,1000,4424517,4424603,88,0.747,0.833,0.086,1.3,0,NA
0,1,1,23,"v","eb3",0.376,0,1,0.6,0,174.034729003906,175.414700031281,0,1,0.279937028884888,"2020-03-06",1340,1,"Prompted","Prompted Blink","Predictive","Predictive Cue","Valid",1,1,279.937028884888,1343582,174.03,1344962,175.41,1343953,174.4,1344543,174.99,1344543,174.99,1344543,174.99,1344833,175.28,NA,NA,NA,NA,NA,NA,1380,1.38,1000,1344190,1344296,108,0.608,0.714,0.106,1.25,1,NA
0,1,1,24,"a","eb3",0.467,0,1,0.6,0.0739914075856952,94.0184700489044,95.4484469890594,0.310003995895386,1,0.259968042373657,"2020-03-06",1432,1,"Artificial","Artificial Blink","Predictive","Predictive Cue","Valid",1,1,259.968042373657,4426000,94.02,4427430,95.45,4426461,94.48,4427061,95.08,4427061,95.08,4427061,95.08,4427331,95.35,4426851,94.87,4426771,94.79,4426771,94.79,1430,1.43000000000001,999.999999999995,4426777,4426853,78,0.777,0.853,0.076,1.33,0,NA
0,1,1,24,"v","eb3",0.447,0,1,0.6,0,176.254677057266,177.744603872299,0,1,0.289991855621338,"2020-03-06",1340,1,"Prompted","Prompted Blink","Predictive","Predictive Cue","Valid",1,1,289.991855621338,1345802,176.25,1347292,177.74,1346243,176.69,1346833,177.28,1346833,177.28,1346833,177.28,1347133,177.58,NA,NA,NA,NA,NA,NA,1490,1.49000000000001,999.999999999994,1346502,1346592,92,0.7,0.79,0.09,1.33000000000001,1,NA
0,1,1,25,"a","eb3",0.31,0,1,0.6,0.0877252510900201,96.2884531021118,97.5984361171722,0.470000982284546,1,0.279995203018188,"2020-03-06",1432,1,"Artificial","Artificial Blink","Predictive","Predictive Cue","Valid",1,1,279.995203018188,4428270,96.29,4429580,97.6,4428581,96.6,4429181,97.2,4429181,97.2,4429181,97.2,4429471,97.49,4429141,97.16,4429051,97.07,4429051,97.07,1310,1.30999999999999,1000.00000000001,4429057,4429143,88,0.787,0.873,0.086,1.19999999999999,0,NA
0,1,1,25,"v","eb3",0.367,0,1,0.6,0,178.584630012512,180.22461104393,0,1,0.329988956451416,"2020-03-06",1340,1,"Prompted","Prompted Blink","Predictive","Predictive Cue","Valid",1,1,329.988956451416,1348132,178.58,1349772,180.22,1348492,178.94,1349082,179.53,1349082,179.53,1349082,179.53,1349423,179.87,NA,NA,NA,NA,NA,NA,1640,1.63999999999999,1000.00000000001,1348728,1348826,100,0.596,0.694,0.0980000000000001,1.28999999999999,1,NA
0,1,1,26,"a","eb3",0.391,0,0,0.6,0.0751838761993993,98.4384760856628,99.8784351348877,0.389995098114014,1,0.320028781890869,"2020-03-06",1432,1,"Artificial","Artificial Blink","Predictive","Predictive Cue","Invalid",-1,1,320.028781890869,4430420,98.44,4431860,99.88,4430811,98.83,4431411,99.43,4431411,99.43,4431411,99.43,4431741,99.76,4431281,99.3,4431201,99.22,4431201,99.22,1440,1.44,1000,4431207,4431283,78,0.787,0.863,0.076,1.32000000000001,0,NA
0,1,1,26,"v","eb3",0.373,1,1,0.6,0,181.064613103867,182.504558086395,0,1,0.30998706817627,"2020-03-06",1340,1,"Prompted","Prompted Blink","Predictive","Predictive Cue","Valid",1,1,309.98706817627,1350612,181.06,1352052,182.5,1350983,181.43,1351573,182.02,1351573,182.02,1351573,182.02,1351893,182.34,NA,NA,NA,NA,NA,NA,1440,1.44,1000,1351246,1351318,74,0.634,0.706,0.072,1.28,1,NA
0,1,1,27,"a","eb3",0.324,1,1,0.6,0.0671102760776658,100.718466043472,102.008419036865,0.410029172897339,1,0.26016902923584,"2020-03-06",1432,1,"Artificial","Artificial Blink","Predictive","Predictive Cue","Valid",1,1,260.16902923584,4432700,100.72,4433990,102.01,4433020,101.04,4433620,101.64,4433620,101.64,4433621,101.64,4433892,101.91,4433500,101.52,4433431,101.45,4433431,101.45,1290,1.29000000000001,999.999999999995,4433435,4433501,68,0.735,0.801,0.0660000000000001,1.19,0,NA
0,1,1,27,"v","eb3",0.322,1,1,0.6,0,183.344605922699,184.684521913528,0,1,0.249958038330078,"2020-03-06",1340,1,"Prompted","Prompted Blink","Predictive","Predictive Cue","Valid",1,1,249.958038330078,1352892,183.34,1354232,184.68,1353213,183.66,1353803,184.25,1353803,184.25,1353803,184.25,1354063,184.51,NA,NA,NA,NA,NA,NA,1340,1.34,999.999999999997,1353436,1353534,100,0.544,0.642,0.098,1.16999999999999,1,NA
0,1,1,28,"a","eb3",0.47,1,0,0.6,0.107029202146362,102.84846496582,104.478419065475,0.429996013641357,1,0.420033931732178,"2020-03-06",1432,1,"Artificial","Artificial Blink","Predictive","Predictive Cue","Invalid",-1,1,420.033931732178,4434830,102.85,4436460,104.48,4435301,103.32,4435901,103.92,4435901,103.92,4435901,103.92,4436332,104.35,4435841,103.86,4435731,103.75,4435731,103.75,1630,1.63000000000001,999.999999999994,4435737,4435843,108,0.907,1.013,0.106,1.5,0,NA
0,1,1,28,"v","eb3",0.339,0,0,0.6,0,185.524626016617,186.924506902695,0,1,0.329981088638306,"2020-03-06",1340,1,"Prompted","Prompted Blink","Predictive","Predictive Cue","Invalid",-1,1,329.981088638306,1355072,185.52,1356472,186.92,1355403,185.85,1355993,186.44,1355993,186.44,1355993,186.44,1356334,186.78,NA,NA,NA,NA,NA,NA,1400,1.39999999999998,1000.00000000002,1355644,1355732,90,0.572,0.66,0.088,1.25999999999999,1,NA
0,1,1,29,"v","eb3",0.409,1,1,0.6,0,187.764530897141,189.194458961487,0,1,0.26997709274292,"2020-03-06",1340,1,"Prompted","Prompted Blink","Predictive","Predictive Cue","Valid",1,1,269.97709274292,1357312,187.76,1358742,189.19,1357713,188.16,1358303,188.75,1358303,188.75,1358303,188.75,1358583,189.03,NA,NA,NA,NA,NA,NA,1430,1.43000000000001,999.999999999995,1357968,1358048,82,0.656,0.736,0.08,1.27000000000001,1,NA
0,1,1,3,"a","eb3",0.487,1,1,0.6,0.0997513667574959,47.2587010860443,48.7086579799652,0.269948959350586,1,0.269995212554932,"2020-03-06",1432,1,"Artificial","Artificial Blink","Predictive","Predictive Cue","Valid",1,1,269.995212554932,4379240,47.26,4380690,48.71,4379721,47.74,4380321,48.34,4380321,48.34,4380321,48.34,4380602,48.62,4380091,48.11,4379991,48.01,4379991,48.01,1450,1.45,999.999999999998,4379997,4380093,98,0.757,0.853,0.096,1.36,0,NA
0,1,1,3,"v","eb3",0.409,1,1,0.6,0,110.375613927841,112.035625934601,0,1,0.299993991851807,"2020-03-06",1340,1,"Prompted","Prompted Blink","Predictive","Predictive Cue","Valid",1,1,299.993991851807,1279922,110.38,1281582,112.04,1280323,110.78,1280912,111.37,1280912,111.37,1280912,111.37,1281223,111.68,NA,NA,NA,NA,NA,NA,1660,1.66000000000001,999.999999999994,1280570,1280654,86,0.648,0.732,0.084,1.30000000000001,1,NA
0,1,1,30,"a","eb3",0.405,0,1,0.6,0.0864456307897246,107.508439064026,108.968398094177,0.380016803741455,1,0.300022125244141,"2020-03-06",1432,1,"Artificial","Artificial Blink","Predictive","Predictive Cue","Valid",1,1,300.022125244141,4439490,107.51,4440950,108.97,4439891,107.91,4440491,108.51,4440491,108.51,4440491,108.51,4440801,108.82,4440361,108.38,4440271,108.29,4440271,108.29,1460,1.45999999999999,1000,4440277,4440363,88,0.787,0.873,0.086,1.30999999999999,0,NA
0,1,1,30,"v","eb3",0.346,0,1,0.6,0,190.034444093704,191.394499063492,0,1,0.270035028457642,"2020-03-06",1340,1,"Prompted","Prompted Blink","Predictive","Predictive Cue","Valid",1,1,270.035028457642,1359582,190.03,1360942,191.39,1359923,190.37,1360512,190.96,1360513,190.96,1360513,190.96,1360793,191.24,NA,NA,NA,NA,NA,NA,1360,1.35999999999999,1000.00000000001,1360192,1360276,86,0.61,0.694,0.0840000000000001,1.21000000000001,1,NA
0,1,1,31,"v","eb3",0.464,1,0,0.6,0,192.234464883804,193.77442908287,0,1,0.310002088546753,"2020-03-06",1340,1,"Prompted","Prompted Blink","Predictive","Predictive Cue","Invalid",-1,1,310.002088546753,1361782,192.23,1363322,193.77,1362243,192.69,1362832,193.28,1362832,193.28,1362832,193.28,1363153,193.6,NA,NA,NA,NA,NA,NA,1540,1.54000000000002,999.999999999987,1362464,1362550,88,0.682,0.768,0.086,1.37,1,NA
0,1,1,32,"a","eb3",0.426,0,1,0.6,0.0767654822712737,112.008389949799,113.398355960846,0.399998188018799,1,0.269915103912354,"2020-03-06",1432,1,"Artificial","Artificial Blink","Predictive","Predictive Cue","Valid",1,1,269.915103912354,4443990,112.01,4445380,113.4,4444411,112.43,4445011,113.03,4445011,113.03,4445011,113.03,4445291,113.31,4444891,112.91,4444811,112.83,4444811,112.83,1390,1.39,1000,4444817,4444893,78,0.827,0.903,0.076,1.3,0,NA
0,1,1,32,"v","eb3",0.349,0,1,0.6,0,194.614424943924,195.994400978088,0,1,0.299958944320679,"2020-03-06",1340,1,"Prompted","Prompted Blink","Predictive","Predictive Cue","Valid",1,1,299.958944320679,1364162,194.61,1365542,195.99,1364503,194.95,1365093,195.54,1365093,195.54,1365093,195.54,1365403,195.85,NA,NA,NA,NA,NA,NA,1380,1.38,1000,1364770,1364880,112,0.608,0.718,0.11,1.23999999999998,1,NA
0,1,1,33,"a","eb3",0.494,1,1,0.6,0.100377957793857,114.238441944122,115.74840092659,0.320027112960815,1,0.279958009719849,"2020-03-06",1432,1,"Artificial","Artificial Blink","Predictive","Predictive Cue","Valid",1,1,279.958009719849,4446220,114.24,4447730,115.75,4446711,114.73,4447311,115.33,4447311,115.33,4447311,115.33,4447602,115.62,4447141,115.16,4447031,115.05,4447031,115.05,1510,1.51000000000001,999.999999999997,4447037,4447143,108,0.817,0.923,0.106,1.38000000000001,0,NA
0,1,1,33,"v","eb3",0.486,0,1,0.6,0,196.83442902565,198.324347019196,0,1,0.279999971389771,"2020-03-06",1340,1,"Prompted","Prompted Blink","Predictive","Predictive Cue","Valid",1,1,279.999971389771,1366382,196.83,1367872,198.32,1366863,197.31,1367453,197.9,1367453,197.9,1367453,197.9,1367743,198.19,NA,NA,NA,NA,NA,NA,1490,1.48999999999998,1000.00000000001,1367108,1367208,102,0.726,0.826,0.1,1.35999999999999,1,NA
0,1,1,34,"a","eb3",0.449,0,1,0.6,0.0721567694802787,116.588475942612,117.958296060562,0.339995145797729,1,0.230000019073486,"2020-03-06",1432,1,"Artificial","Artificial Blink","Predictive","Predictive Cue","Valid",1,1,230.000019073486,4448570,116.59,4449940,117.96,4449011,117.03,4449611,117.63,4449611,117.63,4449611,117.63,4449851,117.87,4449431,117.45,4449351,117.37,4449351,117.37,1370,1.36999999999999,1000.00000000001,4449357,4449433,78,0.787,0.863,0.076,1.28,0,NA
0,1,1,34,"v","eb3",0.361,0,0,0.6,0,199.164402008057,200.624293088913,0,1,0.309912919998169,"2020-03-06",1340,1,"Prompted","Prompted Blink","Predictive","Predictive Cue","Invalid",-1,1,309.912919998169,1368712,199.16,1370172,200.62,1369073,199.52,1369663,200.11,1369663,200.11,1369663,200.11,1369983,200.43,NA,NA,NA,NA,NA,NA,1460,1.46000000000001,999.999999999995,1369380,1369476,98,0.668,0.764,0.096,1.27000000000001,1,NA
0,1,1,35,"v","eb3",0.491,1,0,0.6,0,201.464377880096,203.014232873917,0,1,0.359981060028076,"2020-03-06",1340,1,"Prompted","Prompted Blink","Predictive","Predictive Cue","Invalid",-1,1,359.981060028076,1371012,201.46,1372562,203.01,1371503,201.95,1372093,202.54,1372093,202.54,1372093,202.54,1372463,202.91,NA,NA,NA,NA,NA,NA,1550,1.54999999999998,1000.00000000001,1371706,1371804,100,0.694,0.792,0.098,1.44999999999999,1,NA
0,1,1,36,"a","eb3",0.5,0,0,0.6,0.0626795695596243,120.998425006866,122.558387994766,0.270003080368042,1,0.37999701499939,"2020-03-06",1432,1,"Artificial","Artificial Blink","Predictive","Predictive Cue","Invalid",-1,1,379.99701499939,4452980,121,4454540,122.56,4453481,121.5,4454081,122.1,4454081,122.1,4454081,122.1,4454472,122.49,4453821,121.84,4453751,121.77,4453751,121.77,1560,1.56,999.999999999999,4453757,4453823,68,0.777,0.843,0.0659999999999999,1.48999999999999,0,NA
0,1,1,36,"v","eb3",0.337,1,1,0.6,0,203.854292869568,205.254230976105,0,1,0.320003032684326,"2020-03-06",1340,1,"Prompted","Prompted Blink","Predictive","Predictive Cue","Valid",1,1,320.003032684326,1373402,203.85,1374802,205.25,1373733,204.18,1374323,204.77,1374323,204.77,1374323,204.77,1374653,205.1,NA,NA,NA,NA,NA,NA,1400,1.40000000000001,999.999999999996,1373968,1374064,98,0.566,0.662,0.096,1.25,1,NA
0,1,1,37,"a","eb3",0.318,1,1,0.6,0.0917656839277055,123.398414134979,124.678331136703,0.389834880828857,1,0.260066986083984,"2020-03-06",1432,1,"Artificial","Artificial Blink","Predictive","Predictive Cue","Valid",1,1,260.066986083984,4455380,123.4,4456660,124.68,4455691,123.71,4456291,124.31,4456291,124.31,4456291,124.31,4456562,124.58,4456181,124.2,4456080,124.1,4456080,124.1,1280,1.28,999.999999999999,4456085,4456183,100,0.705,0.803,0.0980000000000001,1.17999999999999,0,NA
0,1,1,37,"v","eb3",0.349,0,1,0.6,0,206.09429192543,207.4742000103,0,1,0.270035982131958,"2020-03-06",1340,1,"Prompted","Prompted Blink","Predictive","Predictive Cue","Valid",1,1,270.035982131958,1375642,206.09,1377022,207.47,1375983,206.43,1376573,207.02,1376573,207.02,1376573,207.02,1376853,207.3,NA,NA,NA,NA,NA,NA,1380,1.38,1000,1376206,1376308,104,0.564,0.666,0.102,1.21000000000001,1,NA
0,1,1,38,"a","eb3",0.44,0,1,0.6,0.0821455468104544,125.518347024918,126.908286094666,0.329978942871094,1,0.230021953582764,"2020-03-06",1432,1,"Artificial","Artificial Blink","Predictive","Predictive Cue","Valid",1,1,230.021953582764,4457500,125.52,4458890,126.91,4457941,125.96,4458541,126.56,4458541,126.56,4458541,126.56,4458782,126.8,4458361,126.38,4458271,126.29,4458271,126.29,1390,1.39,1000,4458277,4458363,88,0.777,0.863,0.086,1.28,0,NA
0,1,1,38,"v","eb3",0.352,1,1,0.6,0,208.314245939255,209.834274053574,0,1,0.310026168823242,"2020-03-06",1340,1,"Prompted","Prompted Blink","Predictive","Predictive Cue","Valid",1,1,310.026168823242,1377862,208.31,1379382,209.83,1378213,208.66,1378803,209.25,1378803,209.25,1378803,209.25,1379123,209.57,NA,NA,NA,NA,NA,NA,1520,1.52000000000001,999.999999999993,1378444,1378532,90,0.582,0.67,0.0880000000000001,1.25999999999999,1,NA
0,1,1,39,"a","eb3",0.386,1,0,0.6,0.0994500392099184,127.728332042694,129.12833404541,0.400003910064697,1,0.350054025650024,"2020-03-06",1432,1,"Artificial","Artificial Blink","Predictive","Predictive Cue","Invalid",-1,1,350.054025650024,4459710,127.73,4461110,129.13,4460091,128.11,4460691,128.71,4460691,128.71,4460691,128.71,4461052,129.07,4460591,128.61,4460491,128.51,4460491,128.51,1400,1.39999999999999,1000.00000000001,4460497,4460593,98,0.787,0.883,0.096,1.33999999999999,0,NA
0,1,1,39,"v","eb3",0.453,0,1,0.6,0,210.674278020859,212.15417599678,0,1,0.319953918457031,"2020-03-06",1340,1,"Prompted","Prompted Blink","Predictive","Predictive Cue","Valid",1,1,319.953918457031,1380222,210.67,1381702,212.15,1380673,211.12,1381263,211.71,1381263,211.71,1381263,211.71,1381593,212.04,NA,NA,NA,NA,NA,NA,1480,1.48000000000002,999.999999999988,1380964,1381064,102,0.742,0.842,0.1,1.37,1,NA
0,1,1,4,"a","eb3",0.336,0,1,0.6,0.0788173117625138,49.5487360954285,50.8186790943146,0.270007848739624,1,0.230005025863647,"2020-03-06",1432,1,"Artificial","Artificial Blink","Predictive","Predictive Cue","Valid",1,1,230.005025863647,4381530,49.55,4382800,50.82,4381861,49.88,4382461,50.48,4382461,50.48,4382461,50.48,4382702,50.72,4382211,50.23,4382131,50.15,4382131,50.15,1270,1.27,999.999999999997,4382137,4382213,78,0.607,0.683,0.0760000000000001,1.17,0,NA
0,1,1,4,"v","eb3",0.481,0,0,0.6,0,112.875561952591,114.635586023331,0,1,0.319952964782715,"2020-03-06",1340,1,"Prompted","Prompted Blink","Predictive","Predictive Cue","Invalid",-1,1,319.952964782715,1282422,112.88,1284182,114.64,1282903,113.36,1283493,113.95,1283493,113.95,1283493,113.95,1283823,114.28,NA,NA,NA,NA,NA,NA,1760,1.76000000000001,999.999999999997,1283228,1283284,58,0.806,0.862,0.0559999999999999,1.40000000000001,1,NA
0,1,1,40,"a","eb3",0.3,1,1,0.6,0.0970915095689459,129.948359012604,131.208297014236,0.330003023147583,1,0.269946813583374,"2020-03-06",1432,1,"Artificial","Artificial Blink","Predictive","Predictive Cue","Valid",1,1,269.946813583374,4461930,129.95,4463190,131.21,4462231,130.25,4462831,130.85,4462831,130.85,4462831,130.85,4463112,131.13,4462661,130.68,4462561,130.58,4462561,130.58,1260,1.26000000000002,999.999999999985,4462567,4462663,98,0.637,0.733,0.096,1.18000000000001,0,NA
0,1,1,40,"v","eb3",0.386,1,1,0.6,0,212.994231939316,214.434184074402,0,1,0.30000114440918,"2020-03-06",1340,1,"Prompted","Prompted Blink","Predictive","Predictive Cue","Valid",1,1,300.00114440918,1382542,212.99,1383982,214.43,1382923,213.37,1383513,213.96,1383513,213.96,1383513,213.96,1383823,214.27,NA,NA,NA,NA,NA,NA,1440,1.44,1000,1383162,1383272,112,0.62,0.73,0.11,1.28,1,NA
0,1,1,41,"a","eb3",0.389,0,1,0.6,0.118263199457595,132.048372983932,133.368281126022,0.300010919570923,1,0.229982852935791,"2020-03-06",1432,1,"Artificial","Artificial Blink","Predictive","Predictive Cue","Valid",1,1,229.982852935791,4464030,132.05,4465350,133.37,4464411,132.43,4465011,133.03,4465011,133.03,4465011,133.03,4465251,133.27,4464831,132.85,4464711,132.73,4464711,132.73,1320,1.31999999999999,1000.00000000001,4464717,4464833,118,0.687,0.803,0.116,1.22,0,NA
0,1,1,42,"a","eb3",0.452,1,0,0.6,0.0840909543228603,134.208269119263,135.628298997879,0.32999587059021,1,0.270082950592041,"2020-03-06",1432,1,"Artificial","Artificial Blink","Predictive","Predictive Cue","Invalid",-1,1,270.082950592041,4466190,134.21,4467610,135.63,4466641,134.66,4467241,135.26,4467241,135.26,4467241,135.26,4467522,135.54,4467061,135.08,4466971,134.99,4466971,134.99,1420,1.41999999999999,1000.00000000001,4466977,4467063,88,0.787,0.873,0.086,1.32999999999998,0,NA
0,1,1,42,"v","eb3",0.389,0,1,0.6,0,217.364247083664,218.804122924805,0,1,0.350020885467529,"2020-03-06",1340,1,"Prompted","Prompted Blink","Predictive","Predictive Cue","Valid",1,1,350.020885467529,1386912,217.36,1388352,218.8,1387293,217.74,1387883,218.33,1387883,218.33,1387883,218.33,1388243,218.69,NA,NA,NA,NA,NA,NA,1440,1.44,1000,1387712,1387776,66,0.8,0.864,0.0639999999999999,1.32999999999998,1,NA
0,1,1,43,"a","eb3",0.314,0,1,0.6,0.0835657321386169,136.468347072601,137.708338975906,0.309793949127197,1,0.239970207214355,"2020-03-06",1432,1,"Artificial","Artificial Blink","Predictive","Predictive Cue","Valid",1,1,239.970207214355,4468450,136.47,4469690,137.71,4468761,136.78,4469360,137.38,4469360,137.38,4469360,137.38,4469611,137.63,4469160,137.18,4469070,137.09,4469070,137.09,1240,1.24000000000001,999.999999999993,4469075,4469163,90,0.625,0.713,0.088,1.16,0,NA
0,1,1,43,"v","eb3",0.37,0,1,0.6,0,219.624173879623,221.024142980576,0,1,0.300007104873657,"2020-03-06",1340,1,"Prompted","Prompted Blink","Predictive","Predictive Cue","Valid",1,1,300.007104873657,1389172,219.62,1390572,221.02,1389533,219.98,1390123,220.57,1390123,220.57,1390123,220.57,1390433,220.88,NA,NA,NA,NA,NA,NA,1400,1.40000000000001,999.999999999996,1389884,1389988,106,0.712,0.816,0.104,1.25999999999999,1,NA
0,1,1,44,"a","eb3",0.387,0,1,0.6,0.0728505721767036,138.548323154449,139.868258953094,0.369982957839966,1,0.210016965866089,"2020-03-06",1432,1,"Artificial","Artificial Blink","Predictive","Predictive Cue","Valid",1,1,210.016965866089,4470530,138.55,4471850,139.87,4470911,138.93,4471511,139.53,4471511,139.53,4471511,139.53,4471732,139.75,4471361,139.38,4471281,139.3,4471281,139.3,1320,1.31999999999999,1000.00000000001,4471287,4471363,78,0.757,0.833,0.076,1.19999999999999,0,NA
0,1,1,44,"v","eb3",0.431,1,1,0.6,0,221.864124059677,223.27410697937,0,1,0.249967098236084,"2020-03-06",1340,1,"Prompted","Prompted Blink","Predictive","Predictive Cue","Valid",1,1,249.967098236084,1391412,221.86,1392822,223.27,1391843,222.29,1392433,222.88,1392433,222.88,1392433,222.88,1392693,223.14,NA,NA,NA,NA,NA,NA,1410,1.41,1000,1392090,1392188,100,0.678,0.776,0.098,1.27999999999997,1,NA
0,1,1,45,"a","eb3",0.422,1,1,0.6,0.0971304175497004,140.708318948746,142.018289089203,0.319984912872314,1,0.219964981079102,"2020-03-06",1432,1,"Artificial","Artificial Blink","Predictive","Predictive Cue","Valid",1,1,219.964981079102,4472690,140.71,4474000,142.02,4473111,141.13,4473711,141.73,4473711,141.73,4473711,141.73,4473942,141.96,4473531,141.55,4473431,141.45,4473431,141.45,1310,1.31,999.999999999998,4473437,4473533,98,0.747,0.843,0.096,1.25,0,NA
0,1,1,45,"v","eb3",0.397,1,1,0.6,0,224.11413693428,225.474063873291,0,1,0.259840965270996,"2020-03-06",1340,1,"Prompted","Prompted Blink","Predictive","Predictive Cue","Valid",1,1,259.840965270996,1393662,224.11,1395022,225.47,1394053,224.5,1394643,225.09,1394643,225.09,1394643,225.09,1394913,225.36,NA,NA,NA,NA,NA,NA,1360,1.35999999999999,1000.00000000001,1394316,1394426,112,0.654,0.764,0.11,1.25,1,NA
0,1,1,46,"a","eb3",0.371,1,1,0.6,0.086775582801252,142.85829615593,144.148214101791,0.319968938827515,1,0.220001935958862,"2020-03-06",1432,1,"Artificial","Artificial Blink","Predictive","Predictive Cue","Valid",1,1,220.001935958862,4474840,142.86,4476130,144.15,4475211,143.23,4475811,143.83,4475811,143.83,4475811,143.83,4476042,144.06,4475621,143.64,4475531,143.55,4475531,143.55,1290,1.28999999999999,1000.00000000001,4475537,4475623,88,0.697,0.783,0.086,1.19999999999999,0,NA
0,1,1,47,"a","eb3",0.339,1,1,0.6,0.101473226359669,144.988323926926,146.788282155991,0.289960861206055,1,0.249993085861206,"2020-03-06",1432,1,"Artificial","Artificial Blink","Predictive","Predictive Cue","Valid",1,1,249.993085861206,4476970,144.99,4478770,146.79,4477301,145.32,4477901,145.92,4477901,145.92,4477901,145.92,4478162,146.18,4477701,145.72,4477591,145.61,4477591,145.61,1800,1.79999999999998,1000.00000000001,4477597,4477703,108,0.627,0.733,0.106,1.19,0,NA
0,1,1,47,"v","eb3",0.334,0,0,0.6,0,228.844024896622,230.174076080322,0,1,0.299954175949097,"2020-03-06",1340,1,"Prompted","Prompted Blink","Predictive","Predictive Cue","Invalid",-1,1,299.954175949097,1398392,228.84,1399722,230.17,1398723,229.17,1399313,229.76,1399313,229.76,1399313,229.76,1399623,230.07,NA,NA,NA,NA,NA,NA,1330,1.32999999999998,1000.00000000001,1398998,1399128,132,0.606,0.736,0.13,1.22999999999999,1,NA
0,1,1,48,"a","eb3",0.428,0,0,0.6,0.104720556133368,147.628273963928,149.618308067322,0.390041828155518,1,0.369982957839966,"2020-03-06",1432,1,"Artificial","Artificial Blink","Predictive","Predictive Cue","Invalid",-1,1,369.982957839966,4479610,147.63,4481600,149.62,4480031,148.05,4480631,148.65,4480631,148.65,4480631,148.65,4481011,149.03,4480531,148.55,4480421,148.44,4480421,148.44,1990,1.99000000000001,999.999999999995,4480427,4480533,108,0.817,0.923,0.106,1.40000000000001,0,NA
0,1,1,48,"v","eb3",0.435,1,0,0.6,0,231.014046907425,232.443990945816,0,1,0.299991130828857,"2020-03-06",1340,1,"Prompted","Prompted Blink","Predictive","Predictive Cue","Invalid",-1,1,299.991130828857,1400562,231.01,1401992,232.44,1400993,231.44,1401583,232.03,1401583,232.03,1401583,232.03,1401893,232.34,NA,NA,NA,NA,NA,NA,1430,1.43000000000001,999.999999999995,1401232,1401318,88,0.67,0.756,0.086,1.33000000000001,1,NA
0,1,1,49,"a","eb3",0.323,1,1,0.6,0.0897585888679092,150.45828294754,151.788201093674,0.410006999969482,1,0.310015201568604,"2020-03-06",1432,1,"Artificial","Artificial Blink","Predictive","Predictive Cue","Valid",1,1,310.015201568604,4482440,150.46,4483770,151.79,4482760,150.78,4483360,151.38,4483360,151.38,4483360,151.38,4483681,151.7,4483260,151.28,4483171,151.19,4483171,151.19,1330,1.32999999999998,1000.00000000001,4483175,4483261,88,0.735,0.821,0.0860000000000001,1.23999999999998,0,NA
0,1,1,49,"v","eb3",0.369,1,1,0.6,0,233.284065008163,234.593991041183,0,1,0.260045051574707,"2020-03-06",1340,1,"Prompted","Prompted Blink","Predictive","Predictive Cue","Valid",1,1,260.045051574707,1402832,233.28,1404142,234.59,1403193,233.64,1403783,234.23,1403783,234.23,1403783,234.23,1404053,234.5,NA,NA,NA,NA,NA,NA,1310,1.31,999.999999999998,1403390,1403500,112,0.558,0.668,0.11,1.22,1,NA
0,1,1,5,"a","eb3",0.327,1,1,0.6,0.102686999363366,51.6586549282074,52.9685809612274,0.319999217987061,1,0.279967069625854,"2020-03-06",1432,1,"Artificial","Artificial Blink","Predictive","Predictive Cue","Valid",1,1,279.967069625854,4383640,51.66,4384950,52.97,4383961,51.98,4384561,52.58,4384561,52.58,4384561,52.58,4384852,52.87,4384391,52.41,4384281,52.3,4384281,52.3,1310,1.31,999.999999999998,4384287,4384393,108,0.647,0.753,0.106,1.21,0,NA
0,1,1,5,"v","eb3",0.37,1,0,0.6,0,115.475579023361,117.115530014038,0,1,0.339925050735474,"2020-03-06",1340,1,"Prompted","Prompted Blink","Predictive","Predictive Cue","Invalid",-1,1,339.925050735474,1285022,115.48,1286662,117.12,1285383,115.84,1285973,116.43,1285973,116.43,1285973,116.43,1286323,116.78,NA,NA,NA,NA,NA,NA,1640,1.64,1000,1285626,1285718,94,0.604,0.696,0.0920000000000001,1.3,1,NA
0,1,1,50,"v","eb3",0.359,0,1,0.6,0,235.434017896652,236.783942937851,0,1,0.240043163299561,"2020-03-06",1340,1,"Prompted","Prompted Blink","Predictive","Predictive Cue","Valid",1,1,240.043163299561,1404982,235.43,1406332,236.78,1405333,235.78,1405923,236.37,1405923,236.37,1405923,236.37,1406173,236.62,NA,NA,NA,NA,NA,NA,1350,1.34999999999999,1000,1405570,1405666,98,0.588,0.684,0.0960000000000001,1.19,1,NA
0,1,1,51,"a","eb3",0.398,1,0,0.6,0.0921253752266143,154.848299026489,156.298249006271,0.249999046325684,1,0.389992952346802,"2020-03-06",1432,1,"Artificial","Artificial Blink","Predictive","Predictive Cue","Invalid",-1,1,389.992952346802,4486830,154.85,4488280,156.3,4487221,155.24,4487821,155.84,4487821,155.84,4487821,155.84,4488222,156.24,4487571,155.59,4487471,155.49,4487471,155.49,1450,1.45000000000002,999.999999999988,4487477,4487573,98,0.647,0.743,0.096,1.39000000000001,0,NA
0,1,1,51,"v","eb3",0.446,1,1,0.6,0,237.623993873596,238.993918895721,0,1,0.23002815246582,"2020-03-06",1340,1,"Prompted","Prompted Blink","Predictive","Predictive Cue","Valid",1,1,230.02815246582,1407172,237.62,1408542,238.99,1407613,238.06,1408203,238.65,1408203,238.65,1408203,238.65,1408443,238.89,NA,NA,NA,NA,NA,NA,1370,1.37,999.999999999997,1407840,1407952,114,0.668,0.78,0.112,1.26999999999998,1,NA
0,1,1,52,"a","eb3",0.337,1,1,0.6,0.114939316006626,157.138285160065,158.478227138519,0.369999885559082,1,0.289983987808228,"2020-03-06",1432,1,"Artificial","Artificial Blink","Predictive","Predictive Cue","Valid",1,1,289.983987808228,4489120,157.14,4490460,158.48,4489451,157.47,4490051,158.07,4490051,158.07,4490051,158.07,4490351,158.37,4489941,157.96,4489821,157.84,4489821,157.84,1340,1.34,999.999999999997,4489827,4489943,118,0.707,0.823,0.116,1.23000000000002,0,NA
0,1,1,53,"a","eb3",0.361,0,1,0.6,0.0765891883089692,159.31828212738,160.678202152252,0.39996600151062,1,0.279983043670654,"2020-03-06",1432,1,"Artificial","Artificial Blink","Predictive","Predictive Cue","Valid",1,1,279.983043670654,4491300,159.32,4492660,160.68,4491661,159.68,4492261,160.28,4492261,160.28,4492261,160.28,4492551,160.57,4492141,160.16,4492061,160.08,4492061,160.08,1360,1.36000000000001,999.99999999999,4492067,4492143,78,0.767,0.843,0.076,1.25,0,NA
0,1,1,54,"a","eb3",0.488,0,0,0.6,0.10114334972673,161.518248081207,162.998185157776,0.30997896194458,1,0.299960136413574,"2020-03-06",1432,1,"Artificial","Artificial Blink","Predictive","Predictive Cue","Invalid",-1,1,299.960136413574,4493500,161.52,4494980,163,4493981,162,4494581,162.6,4494581,162.6,4494581,162.6,4494891,162.91,4494401,162.42,4494291,162.31,4494291,162.31,1480,1.47999999999999,1000.00000000001,4494297,4494403,108,0.797,0.903,0.106,1.38999999999999,0,NA
0,1,1,55,"a","eb3",0.5,1,1,0.6,0.0666627058045527,163.838253974915,165.30819606781,0.379994869232178,1,0.239928960800171,"2020-03-06",1432,1,"Artificial","Artificial Blink","Predictive","Predictive Cue","Valid",1,1,239.928960800171,4495820,163.84,4497290,165.31,4496321,164.34,4496921,164.94,4496921,164.94,4496921,164.94,4497171,165.19,4496771,164.79,4496701,164.72,4496701,164.72,1470,1.47,1000,4496707,4496773,68,0.887,0.953,0.0660000000000001,1.34999999999999,0,NA
0,1,1,55,"v","eb3",0.373,1,0,0.6,0,246.343914031982,247.773874998093,0,1,0.349992990493774,"2020-03-06",1340,1,"Prompted","Prompted Blink","Predictive","Predictive Cue","Invalid",-1,1,349.992990493774,1415892,246.34,1417322,247.77,1416263,246.71,1416853,247.3,1416853,247.3,1416853,247.3,1417213,247.66,NA,NA,NA,NA,NA,NA,1430,1.43000000000001,999.999999999995,1416602,1416712,112,0.71,0.82,0.11,1.31999999999999,1,NA
0,1,1,56,"a","eb3",0.493,0,1,0.6,0.0943151025025579,166.14824795723,167.998219966888,0.309834957122803,1,0.259970188140869,"2020-03-06",1432,1,"Artificial","Artificial Blink","Predictive","Predictive Cue","Valid",1,1,259.970188140869,4498130,166.15,4499980,168,4498621,166.64,4499220,167.24,4499220,167.24,4499221,167.24,4499491,167.51,4499031,167.05,4498931,166.95,4498931,166.95,1850,1.84999999999999,1000,4498935,4499033,100,0.805,0.903,0.098,1.35999999999999,0,NA
0,1,1,56,"v","eb3",0.387,0,0,0.6,0,248.613909959793,250.083853006363,0,1,0.309985876083374,"2020-03-06",1340,1,"Prompted","Prompted Blink","Predictive","Predictive Cue","Invalid",-1,1,309.985876083374,1418162,248.61,1419632,250.08,1418543,248.99,1419133,249.58,1419133,249.58,1419133,249.58,1419453,249.9,NA,NA,NA,NA,NA,NA,1470,1.47,1000,1418724,1418830,108,0.562,0.668,0.106,1.28999999999999,1,NA
0,1,1,57,"a","eb3",0.434,1,1,0.6,0.0869959411917043,168.838215112686,170.268152952194,0.410006999969482,1,0.289969921112061,"2020-03-06",1432,1,"Artificial","Artificial Blink","Predictive","Predictive Cue","Valid",1,1,289.969921112061,4500820,168.84,4502250,170.27,4501251,169.27,4501851,169.87,4501851,169.87,4501851,169.87,4502151,170.17,4501751,169.77,4501661,169.68,4501661,169.68,1430,1.43000000000001,999.999999999995,4501667,4501753,88,0.847,0.933,0.0860000000000001,1.32999999999998,0,NA
0,1,1,57,"v","eb3",0.428,0,1,0.6,0,250.923884868622,252.253788948059,0,1,0.239995002746582,"2020-03-06",1340,1,"Prompted","Prompted Blink","Predictive","Predictive Cue","Valid",1,1,239.995002746582,1420472,250.92,1421802,252.25,1420893,251.34,1421483,251.93,1421483,251.93,1421483,251.93,1421733,252.18,NA,NA,NA,NA,NA,NA,1330,1.33000000000001,999.999999999991,1421084,1421196,114,0.612,0.724,0.112,1.26000000000002,1,NA
0,1,1,58,"a","eb3",0.386,1,1,0.6,0.0941083679297614,171.108246088028,172.518145084381,0.330142974853516,1,0.289952993392944,"2020-03-06",1432,1,"Artificial","Artificial Blink","Predictive","Predictive Cue","Valid",1,1,289.952993392944,4503090,171.11,4504500,172.52,4503470,171.49,4504071,172.09,4504071,172.09,4504071,172.09,4504371,172.39,4503901,171.92,4503801,171.82,4503801,171.82,1410,1.41,1000,4503807,4503903,98,0.717,0.813,0.0960000000000001,1.27999999999997,0,NA
0,1,1,58,"v","eb3",0.411,1,1,0.6,0,253.093852043152,254.43385887146,0,1,0.269996166229248,"2020-03-06",1340,1,"Prompted","Prompted Blink","Predictive","Predictive Cue","Valid",1,1,269.996166229248,1422642,253.09,1423982,254.43,1423053,253.5,1423643,254.09,1423643,254.09,1423643,254.09,1423923,254.37,NA,NA,NA,NA,NA,NA,1340,1.34,999.999999999997,1423248,1423360,114,0.606,0.718,0.112,1.28,1,NA
0,1,1,59,"a","eb3",0.309,1,0,0.6,0.0892231076235726,173.358216047287,174.708151102066,0.3300461769104,1,0.350036144256592,"2020-03-06",1432,1,"Artificial","Artificial Blink","Predictive","Predictive Cue","Invalid",-1,1,350.036144256592,4505340,173.36,4506690,174.71,4505641,173.66,4506241,174.26,4506241,174.26,4506241,174.26,4506602,174.62,4506061,174.08,4505971,173.99,4505971,173.99,1350,1.34999999999999,1000,4505977,4506063,88,0.637,0.723,0.086,1.25999999999999,0,NA
0,1,1,59,"v","eb3",0.304,0,0,0.6,0,255.253859996796,256.553759098053,0,1,0.310005187988281,"2020-03-06",1340,1,"Prompted","Prompted Blink","Predictive","Predictive Cue","Invalid",-1,1,310.005187988281,1424802,255.25,1426102,256.55,1425103,255.55,1425693,256.14,1425693,256.14,1425693,256.14,1426013,256.46,NA,NA,NA,NA,NA,NA,1300,1.30000000000001,999.999999999991,1425308,1425412,106,0.506,0.61,0.104,1.20999999999998,1,NA
0,1,1,6,"a","eb3",0.442,0,1,0.6,0.0891464134313138,53.8086330890656,55.2386269569397,0.300014972686768,1,0.269994020462036,"2020-03-06",1432,1,"Artificial","Artificial Blink","Predictive","Predictive Cue","Valid",1,1,269.994020462036,4385790,53.81,4387220,55.24,4386231,54.25,4386831,54.85,4386831,54.85,4386831,54.85,4387111,55.13,4386621,54.64,4386531,54.55,4386531,54.55,1430,1.43,1000,4386537,4386623,88,0.747,0.833,0.086,1.32,0,NA
0,1,1,6,"v","eb3",0.396,1,1,0.6,0,117.955528020859,119.555506944656,0,1,0.299997806549072,"2020-03-06",1340,1,"Prompted","Prompted Blink","Predictive","Predictive Cue","Valid",1,1,299.997806549072,1287502,117.96,1289102,119.56,1287893,118.35,1288483,118.94,1288483,118.94,1288483,118.94,1288793,119.25,NA,NA,NA,NA,NA,NA,1600,1.60000000000001,999.999999999995,1288132,1288226,96,0.63,0.724,0.094,1.29000000000001,1,NA
0,1,1,60,"a","eb3",0.444,1,1,0.6,0.0878306214392097,175.528198957443,177.428163051605,0.309961080551147,1,0.27997899055481,"2020-03-06",1432,1,"Artificial","Artificial Blink","Predictive","Predictive Cue","Valid",1,1,279.97899055481,4507510,175.53,4509410,177.43,4507951,175.97,4508551,176.57,4508551,176.57,4508551,176.57,4508841,176.86,4508351,176.37,4508261,176.28,4508261,176.28,1900,1.90000000000001,999.999999999997,4508267,4508353,88,0.757,0.843,0.086,1.33000000000001,0,NA
0,1,1,60,"v","eb3",0.447,0,1,0.6,0,257.393845081329,258.793740987778,0,1,0.269972085952759,"2020-03-06",1340,1,"Prompted","Prompted Blink","Predictive","Predictive Cue","Valid",1,1,269.972085952759,1426942,257.39,1428342,258.79,1427383,257.83,1427973,258.42,1427973,258.42,1427973,258.42,1428253,258.7,NA,NA,NA,NA,NA,NA,1400,1.40000000000003,999.999999999976,1427614,1427716,104,0.672,0.774,0.102,1.31,1,NA
0,1,1,61,"a","eb3",0.306,0,1,0.6,0.0952070823182875,178.268141031265,179.628118038177,0.399970054626465,1,0.289963006973267,"2020-03-06",1432,1,"Artificial","Artificial Blink","Predictive","Predictive Cue","Valid",1,1,289.963006973267,4510250,178.27,4511610,179.63,4510551,178.57,4511151,179.17,4511151,179.17,4511151,179.17,4511451,179.47,4511051,179.07,4510951,178.97,4510951,178.97,1360,1.35999999999999,1000.00000000001,4510955,4511053,100,0.705,0.803,0.0980000000000001,1.19999999999999,0,NA
0,1,1,61,"v","eb3",0.443,1,1,0.6,0,259.63382101059,261.00373005867,0,1,0.230059862136841,"2020-03-06",1340,1,"Prompted","Prompted Blink","Predictive","Predictive Cue","Valid",1,1,230.059862136841,1429182,259.63,1430552,261,1429623,260.07,1430213,260.66,1430213,260.66,1430213,260.66,1430453,260.9,NA,NA,NA,NA,NA,NA,1370,1.37,999.999999999997,1429806,1429908,104,0.624,0.726,0.102,1.26999999999998,1,NA
0,1,1,62,"a","eb3",0.432,0,1,0.6,0.0639736661887736,180.468143939972,181.878147125244,0.320068120956421,1,0.279994964599609,"2020-03-06",1432,1,"Artificial","Artificial Blink","Predictive","Predictive Cue","Valid",1,1,279.994964599609,4512450,180.47,4513860,181.88,4512881,180.9,4513481,181.5,4513481,181.5,4513481,181.5,4513771,181.79,4513271,181.29,4513201,181.22,4513201,181.22,1410,1.41,1000,4513207,4513273,68,0.757,0.823,0.0660000000000001,1.31999999999999,0,NA
0,1,1,62,"v","eb3",0.36,1,0,0.6,0,261.843769073486,263.213687896729,0,1,0.350008010864258,"2020-03-06",1340,1,"Prompted","Prompted Blink","Predictive","Predictive Cue","Invalid",-1,1,350.008010864258,1431392,261.84,1432762,263.21,1431743,262.19,1432333,262.78,1432333,262.78,1432333,262.78,1432693,263.14,NA,NA,NA,NA,NA,NA,1370,1.37,999.999999999997,1432014,1432120,108,0.622,0.728,0.106,1.30000000000001,1,NA
0,1,1,63,"a","eb3",0.439,0,0,0.6,0.0883825234433862,182.718204021454,184.188133001328,0.399956941604614,1,0.359951972961426,"2020-03-06",1432,1,"Artificial","Artificial Blink","Predictive","Predictive Cue","Invalid",-1,1,359.951972961426,4514700,182.72,4516170,184.19,4515131,183.15,4515731,183.75,4515731,183.75,4515731,183.75,4516101,184.12,4515621,183.64,4515531,183.55,4515531,183.55,1470,1.47,1000,4515537,4515623,88,0.837,0.923,0.0860000000000001,1.40000000000001,0,NA
0,1,1,64,"a","eb3",0.367,0,1,0.6,0.0960867907934471,185.02817606926,186.368091106415,0.329897880554199,1,0.259974956512451,"2020-03-06",1432,1,"Artificial","Artificial Blink","Predictive","Predictive Cue","Valid",1,1,259.974956512451,4517010,185.03,4518350,186.37,4517371,185.39,4517970,185.99,4517970,185.99,4517970,185.99,4518241,186.26,4517800,185.82,4517701,185.72,4517701,185.72,1340,1.34,999.999999999997,4517705,4517801,98,0.695,0.791,0.096,1.22999999999999,0,NA
0,1,1,64,"v","eb3",0.437,0,1,0.6,0,266.343771934509,267.683702945709,0,1,0.240026950836182,"2020-03-06",1340,1,"Prompted","Prompted Blink","Predictive","Predictive Cue","Valid",1,1,240.026950836182,1435892,266.34,1437232,267.68,1436323,266.77,1436913,267.36,1436913,267.36,1436913,267.36,1437163,267.61,NA,NA,NA,NA,NA,NA,1340,1.34000000000003,999.999999999976,1436536,1436644,110,0.644,0.752,0.108,1.27000000000004,1,NA
0,1,1,65,"a","eb3",0.305,1,1,0.6,0.0859817177415192,187.208164930344,188.878160953522,0.37999701499939,1,0.270015954971313,"2020-03-06",1432,1,"Artificial","Artificial Blink","Predictive","Predictive Cue","Valid",1,1,270.015954971313,4519190,187.21,4520860,188.88,4519491,187.51,4520091,188.11,4520091,188.11,4520091,188.11,4520371,188.39,4519961,187.98,4519871,187.89,4519871,187.89,1670,1.66999999999999,1000.00000000001,4519877,4519963,88,0.687,0.773,0.086,1.17999999999998,0,NA
0,1,1,65,"v","eb3",0.386,1,1,0.6,0,268.523694038391,269.823688983917,0,1,0.229980945587158,"2020-03-06",1340,1,"Prompted","Prompted Blink","Predictive","Predictive Cue","Valid",1,1,229.980945587158,1438072,268.52,1439372,269.82,1438453,268.9,1439043,269.49,1439043,269.49,1439043,269.49,1439283,269.73,NA,NA,NA,NA,NA,NA,1300,1.30000000000001,999.999999999991,1438702,1438812,112,0.63,0.74,0.11,1.21000000000004,1,NA
0,1,1,66,"a","eb3",0.454,1,1,0.6,0.115324011112152,189.718111038208,191.128036022186,0.260078907012939,1,0.240022897720337,"2020-03-06",1432,1,"Artificial","Artificial Blink","Predictive","Predictive Cue","Valid",1,1,240.022897720337,4521700,189.72,4523110,191.13,4522151,190.17,4522751,190.77,4522751,190.77,4522751,190.77,4523002,191.02,4522531,190.55,4522411,190.43,4522411,190.43,1410,1.41,1000,4522417,4522533,118,0.717,0.833,0.116,1.30000000000001,0,NA
0,1,1,67,"v","eb3",0.454,0,1,0.6,0,272.983695983887,274.393616914749,0,1,0.25004506111145,"2020-03-06",1340,1,"Prompted","Prompted Blink","Predictive","Predictive Cue","Valid",1,1,250.04506111145,1442532,272.98,1443942,274.39,1442983,273.43,1443573,274.02,1443573,274.02,1443573,274.02,1443833,274.28,NA,NA,NA,NA,NA,NA,1410,1.40999999999997,1000.00000000002,1443222,1443322,102,0.69,0.79,0.1,1.29999999999995,1,NA
0,1,1,68,"v","eb3",0.383,1,1,0.6,0,275.213679075241,276.523586034775,0,1,0.269994974136353,"2020-03-06",1340,1,"Prompted","Prompted Blink","Predictive","Predictive Cue","Valid",1,1,269.994974136353,1444762,275.21,1446072,276.52,1445143,275.59,1445733,276.18,1445733,276.18,1445733,276.18,1446013,276.46,NA,NA,NA,NA,NA,NA,1310,1.31,999.999999999998,1445382,1445492,112,0.62,0.73,0.11,1.25,1,NA
0,1,1,69,"a","eb3",0.444,1,1,0.6,0.0882534005722325,196.698116064072,198.178117036819,0.310029983520508,1,0.300019979476929,"2020-03-06",1432,1,"Artificial","Artificial Blink","Predictive","Predictive Cue","Valid",1,1,300.019979476929,4528680,196.7,4530160,198.18,4529121,197.14,4529721,197.74,4529721,197.74,4529721,197.74,4530031,198.05,4529521,197.54,4529431,197.45,4529431,197.45,1480,1.48000000000002,999.999999999988,4529435,4529523,90,0.755,0.843,0.088,1.35000000000002,0,NA
0,1,1,69,"v","eb3",0.347,1,0,0.6,0,277.363667011261,278.7436170578,0,1,0.319952964782715,"2020-03-06",1340,1,"Prompted","Prompted Blink","Predictive","Predictive Cue","Invalid",-1,1,319.952964782715,1446912,277.36,1448292,278.74,1447253,277.7,1447843,278.29,1447843,278.29,1447843,278.29,1448173,278.62,NA,NA,NA,NA,NA,NA,1380,1.38,1000,1447458,1447564,108,0.546,0.652,0.106,1.25999999999999,1,NA
0,1,1,7,"a","eb3",0.384,0,1,0.6,0.0556344150950822,56.0786161422729,57.4585890769958,0.280025005340576,1,0.279958009719849,"2020-03-06",1432,1,"Artificial","Artificial Blink","Predictive","Predictive Cue","Valid",1,1,279.958009719849,4388060,56.08,4389440,57.46,4388441,56.46,4389041,57.06,4389041,57.06,4389041,57.06,4389331,57.35,4388781,56.8,4388721,56.74,4388721,56.74,1380,1.38,999.999999999998,4388727,4388783,58,0.667,0.723,0.0559999999999999,1.27,0,NA
0,1,1,7,"v","eb3",0.47,0,1,0.6,0,120.395498037338,121.965436935425,0,1,0.270004987716675,"2020-03-06",1340,1,"Prompted","Prompted Blink","Predictive","Predictive Cue","Valid",1,1,270.004987716675,1289942,120.4,1291512,121.97,1290403,120.86,1290993,121.45,1290993,121.45,1290993,121.45,1291273,121.73,NA,NA,NA,NA,NA,NA,1570,1.56999999999999,1000,1290660,1290746,88,0.718,0.804,0.0860000000000001,1.33,1,NA
0,1,1,70,"a","eb3",0.485,0,1,0.6,0.115961313854632,199.018108129501,200.498094081879,0.280011892318726,1,0.279959917068481,"2020-03-06",1432,1,"Artificial","Artificial Blink","Predictive","Predictive Cue","Valid",1,1,279.959917068481,4531000,199.02,4532480,200.5,4531481,199.5,4532081,200.1,4532081,200.1,4532081,200.1,4532372,200.39,4531881,199.9,4531761,199.78,4531761,199.78,1480,1.47999999999999,1000.00000000001,4531767,4531883,118,0.767,0.883,0.116,1.36999999999998,0,NA
0,1,1,70,"v","eb3",0.412,1,1,0.6,0,279.583666086197,280.993582010269,0,1,0.290045976638794,"2020-03-06",1340,1,"Prompted","Prompted Blink","Predictive","Predictive Cue","Valid",1,1,290.045976638794,1449132,279.58,1450542,280.99,1449543,279.99,1450133,280.58,1450133,280.58,1450133,280.58,1450433,280.88,NA,NA,NA,NA,NA,NA,1410,1.41000000000003,999.999999999982,1449718,1449822,106,0.586,0.69,0.104,1.30000000000001,1,NA
0,1,1,71,"a","eb3",0.419,0,1,0.6,0.0918752887587636,201.338132143021,202.728032112122,0.279961109161377,1,0.269997119903564,"2020-03-06",1432,1,"Artificial","Artificial Blink","Predictive","Predictive Cue","Valid",1,1,269.997119903564,4533320,201.34,4534710,202.73,4533731,201.75,4534331,202.35,4534331,202.35,4534331,202.35,4534611,202.63,4534111,202.13,4534011,202.03,4534011,202.03,1390,1.38999999999999,1000.00000000001,4534015,4534113,100,0.695,0.793,0.098,1.28999999999999,0,NA
0,1,1,71,"v","eb3",0.451,0,1,0.6,0,281.833652019501,283.253592014313,0,1,0.289993047714233,"2020-03-06",1340,1,"Prompted","Prompted Blink","Predictive","Predictive Cue","Valid",1,1,289.993047714233,1451382,281.83,1452802,283.25,1451833,282.28,1452423,282.87,1452423,282.87,1452423,282.87,1452723,283.17,NA,NA,NA,NA,NA,NA,1420,1.42000000000002,999.999999999989,1452054,1452164,112,0.672,0.782,0.11,1.34000000000003,1,NA
0,1,1,72,"a","eb3",0.434,0,1,0.6,0.101661057916946,203.568042039871,204.99801492691,0.320008993148804,1,0.269853115081787,"2020-03-06",1432,1,"Artificial","Artificial Blink","Predictive","Predictive Cue","Valid",1,1,269.853115081787,4535550,203.57,4536980,205,4535981,204,4536581,204.6,4536581,204.6,4536581,204.6,4536861,204.88,4536411,204.43,4536301,204.32,4536301,204.32,1430,1.43000000000001,999.999999999995,4536305,4536413,110,0.755,0.863,0.108,1.31,0,NA
0,1,1,72,"v","eb3",0.343,0,1,0.6,0,284.093606948853,285.383620977402,0,1,0.259997129440308,"2020-03-06",1340,1,"Prompted","Prompted Blink","Predictive","Predictive Cue","Valid",1,1,259.997129440308,1453642,284.09,1454932,285.38,1453983,284.43,1454573,285.02,1454573,285.02,1454573,285.02,1454843,285.29,NA,NA,NA,NA,NA,NA,1290,1.29000000000002,999.999999999984,1454256,1454358,104,0.614,0.716,0.102,1.20000000000005,1,NA
0,1,1,73,"a","eb3",0.395,1,1,0.6,0.101295042893541,205.838045120239,207.238074064255,0.389988899230957,1,0.299941062927246,"2020-03-06",1432,1,"Artificial","Artificial Blink","Predictive","Predictive Cue","Valid",1,1,299.941062927246,4537820,205.84,4539220,207.24,4538211,206.23,4538811,206.83,4538811,206.83,4538811,206.83,4539121,207.14,4538711,206.73,4538601,206.62,4538601,206.62,1400,1.40000000000001,999.999999999996,4538605,4538713,110,0.785,0.893,0.108,1.29999999999998,0,NA
0,1,1,73,"v","eb3",0.323,1,1,0.6,0,286.223608970642,287.553601026535,0,1,0.30995512008667,"2020-03-06",1340,1,"Prompted","Prompted Blink","Predictive","Predictive Cue","Valid",1,1,309.95512008667,1455772,286.22,1457102,287.55,1456093,286.54,1456683,287.13,1456683,287.13,1456683,287.13,1457003,287.45,NA,NA,NA,NA,NA,NA,1330,1.32999999999998,1000.00000000001,1456382,1456478,98,0.61,0.706,0.096,1.22999999999996,1,NA
0,1,1,74,"a","eb3",0.327,0,1,0.6,0.0808815477161059,208.078035116196,209.398044109344,0.320036888122559,1,0.289994955062866,"2020-03-06",1432,1,"Artificial","Artificial Blink","Predictive","Predictive Cue","Valid",1,1,289.994955062866,4540060,208.08,4541380,209.4,4540381,208.4,4540981,209,4540981,209,4540981,209,4541281,209.3,4540791,208.81,4540701,208.72,4540701,208.72,1320,1.31999999999999,1000.00000000001,4540705,4540793,90,0.645,0.733,0.088,1.22,0,NA
0,1,1,74,"v","eb3",0.409,1,0,0.6,0,288.373606920242,289.783545017242,0,1,0.330003976821899,"2020-03-06",1340,1,"Prompted","Prompted Blink","Predictive","Predictive Cue","Invalid",-1,1,330.003976821899,1457922,288.37,1459332,289.78,1458323,288.77,1458913,289.36,1458913,289.36,1458913,289.36,1459253,289.7,NA,NA,NA,NA,NA,NA,1410,1.40999999999997,1000.00000000002,1458508,1458604,98,0.586,0.682,0.0960000000000001,1.32999999999998,1,NA
0,1,1,75,"a","eb3",0.339,1,1,0.6,0.0664171006869918,210.218030929565,211.547996997833,0.319996118545532,1,0.270002126693726,"2020-03-06",1432,1,"Artificial","Artificial Blink","Predictive","Predictive Cue","Valid",1,1,270.002126693726,4542200,210.22,4543530,211.55,4542531,210.55,4543131,211.15,4543131,211.15,4543131,211.15,4543411,211.43,4542920,210.94,4542851,210.87,4542851,210.87,1330,1.33000000000001,999.999999999991,4542855,4542921,68,0.655,0.721,0.0659999999999999,1.21000000000001,0,NA
0,1,1,75,"v","eb3",0.422,0,0,0.6,0,290.623569965363,292.063524007797,0,1,0.329997062683105,"2020-03-06",1340,1,"Prompted","Prompted Blink","Predictive","Predictive Cue","Invalid",-1,1,329.997062683105,1460172,290.62,1461612,292.06,1460592,291.04,1461182,291.63,1461182,291.63,1461182,291.63,1461523,291.97,NA,NA,NA,NA,NA,NA,1440,1.44,1000,1460800,1460902,104,0.628,0.73,0.102,1.35000000000002,1,NA
0,1,1,76,"a","eb3",0.464,1,1,0.6,0.0543411308469188,212.388054132462,213.827990055084,0.300000905990601,1,0.279999017715454,"2020-03-06",1432,1,"Artificial","Artificial Blink","Predictive","Predictive Cue","Valid",1,1,279.999017715454,4544370,212.39,4545810,213.83,4544831,212.85,4545431,213.45,4545431,213.45,4545431,213.45,4545721,213.74,4545191,213.21,4545131,213.15,4545131,213.15,1440,1.44000000000003,999.999999999982,4545135,4545193,60,0.765,0.823,0.0580000000000001,1.35000000000002,0,NA
0,1,1,76,"v","eb3",0.328,0,1,0.6,0,292.903594970703,294.173505067825,0,1,0.279944181442261,"2020-03-06",1340,1,"Prompted","Prompted Blink","Predictive","Predictive Cue","Valid",1,1,279.944181442261,1462452,292.9,1463722,294.17,1462773,293.22,1463363,293.81,1463363,293.81,1463363,293.81,1463653,294.1,NA,NA,NA,NA,NA,NA,1270,1.27000000000004,999.99999999997,1463088,1463192,106,0.636,0.74,0.104,1.20000000000005,1,NA
0,1,1,77,"a","eb3",0.399,0,1,0.6,0.0967066981473399,214.668029069901,216.038064002991,0.289978981018066,1,0.260061025619507,"2020-03-06",1432,1,"Artificial","Artificial Blink","Predictive","Predictive Cue","Valid",1,1,260.061025619507,4546650,214.67,4548020,216.04,4547041,215.06,4547640,215.66,4547640,215.66,4547640,215.66,4547911,215.93,4547431,215.45,4547331,215.35,4547331,215.35,1370,1.37,999.999999999997,4547335,4547433,100,0.685,0.783,0.098,1.26000000000002,0,NA
0,1,1,77,"v","eb3",0.424,1,1,0.6,0,295.01352596283,296.403505086899,0,1,0.280016183853149,"2020-03-06",1340,1,"Prompted","Prompted Blink","Predictive","Predictive Cue","Valid",1,1,280.016183853149,1464562,295.01,1465952,296.4,1464983,295.43,1465572,296.02,1465572,296.02,1465572,296.02,1465863,296.31,NA,NA,NA,NA,NA,NA,1390,1.38999999999999,1000.00000000001,1465276,1465386,112,0.714,0.824,0.11,1.30000000000001,1,NA
0,1,1,78,"a","eb3",0.413,1,0,0.6,0.0799247914119249,216.878081083298,218.318030118942,0.380002975463867,1,0.330005884170532,"2020-03-06",1432,1,"Artificial","Artificial Blink","Predictive","Predictive Cue","Invalid",-1,1,330.005884170532,4548860,216.88,4550300,218.32,4549271,217.29,4549871,217.89,4549871,217.89,4549871,217.89,4550211,218.23,4549741,217.76,4549651,217.67,4549651,217.67,1440,1.44,1000,4549655,4549743,90,0.795,0.883,0.088,1.34999999999999,0,NA
0,1,1,78,"v","eb3",0.388,0,1,0.6,0,297.243529081345,298.593456029892,0,1,0.27997899055481,"2020-03-06",1340,1,"Prompted","Prompted Blink","Predictive","Predictive Cue","Valid",1,1,279.97899055481,1466792,297.24,1468142,298.59,1467173,297.62,1467763,298.21,1467763,298.21,1467763,298.21,1468053,298.5,NA,NA,NA,NA,NA,NA,1350,1.34999999999997,1000.00000000003,1467498,1467604,108,0.706,0.812,0.106,1.25999999999999,1,NA
0,1,1,79,"a","eb3",0.445,0,0,0.6,0.0967652247559568,219.158065080643,220.627998113632,0.280004024505615,1,0.340096950531006,"2020-03-06",1432,1,"Artificial","Artificial Blink","Predictive","Predictive Cue","Invalid",-1,1,340.096950531006,4551140,219.16,4552610,220.63,4551581,219.6,4552180,220.2,4552180,220.2,4552180,220.2,4552531,220.55,4551961,219.98,4551861,219.88,4551861,219.88,1470,1.47,1000,4551865,4551963,100,0.725,0.823,0.0980000000000001,1.39000000000001,0,NA
0,1,1,79,"v","eb3",0.331,1,1,0.6,0,299.433501958847,300.743483066559,0,1,0.300013065338135,"2020-03-06",1340,1,"Prompted","Prompted Blink","Predictive","Predictive Cue","Valid",1,1,300.013065338135,1468982,299.43,1470292,300.74,1469313,299.76,1469903,300.35,1469903,300.35,1469903,300.35,1470213,300.66,NA,NA,NA,NA,NA,NA,1310,1.31,999.999999999998,1469676,1469776,102,0.694,0.794,0.1,1.23000000000002,1,NA
0,1,1,8,"a","eb3",0.363,1,0,0.6,0.0697758478395745,58.2986099720001,59.6785299777985,0.269976139068604,1,0.319670915603638,"2020-03-06",1432,1,"Artificial","Artificial Blink","Predictive","Predictive Cue","Invalid",-1,1,319.670915603638,4390280,58.3,4391660,59.68,4390641,58.66,4391241,59.26,4391241,59.26,4391241,59.26,4391571,59.59,4390981,59,4390911,58.93,4390911,58.93,1380,1.38,999.999999999998,4390917,4390983,68,0.637,0.703,0.0660000000000001,1.29000000000001,0,NA
0,1,1,8,"v","eb3",0.412,0,1,0.6,0,122.805461883545,124.555355072021,0,1,0.439954996109009,"2020-03-06",1340,1,"Prompted","Prompted Blink","Predictive","Predictive Cue","Valid",1,1,439.954996109009,1292352,122.81,1294102,124.56,1292763,123.22,1293353,123.81,1293353,123.81,1293353,123.81,1293803,124.26,NA,NA,NA,NA,NA,NA,1750,1.75,1000,1292988,1293076,90,0.636,0.724,0.088,1.45,1,NA
0,1,1,80,"a","eb3",0.437,0,1,0.6,0.0941384140614508,221.468112945557,222.9180560112,0.289992809295654,1,0.299999952316284,"2020-03-06",1432,1,"Artificial","Artificial Blink","Predictive","Predictive Cue","Valid",1,1,299.999952316284,4553450,221.47,4554900,222.92,4553881,221.9,4554481,222.5,4554481,222.5,4554481,222.5,4554791,222.81,4554271,222.29,4554171,222.19,4554171,222.19,1450,1.44999999999999,1000.00000000001,4554177,4554273,98,0.727,0.823,0.0960000000000001,1.34,0,NA
0,1,1,80,"v","eb3",0.494,0,1,0.6,0,301.583527088165,302.963471889496,0,1,0.219962120056152,"2020-03-06",1340,1,"Prompted","Prompted Blink","Predictive","Predictive Cue","Valid",1,1,219.962120056152,1471132,301.58,1472512,302.96,1471623,302.07,1472213,302.66,1472213,302.66,1472213,302.66,1472443,302.89,NA,NA,NA,NA,NA,NA,1380,1.38,1000,1471832,1471944,114,0.7,0.812,0.112,1.31,1,NA
0,1,1,9,"v","eb3",0.352,0,1,0.6,0,125.395355939865,126.765287876129,0,1,0.289975166320801,"2020-03-06",1340,1,"Prompted","Prompted Blink","Predictive","Predictive Cue","Valid",1,1,289.975166320801,1294942,125.4,1296312,126.77,1295293,125.75,1295883,126.34,1295883,126.34,1295883,126.34,1296183,126.64,NA,NA,NA,NA,NA,NA,1370,1.36999999999999,1000.00000000001,1295574,1295668,96,0.632,0.726,0.094,1.23999999999999,1,NA
